1,вва,1111.0,500,796,без НДС,КИЗ,0104660528210082215s;jXdzu7G98V
1,,,,,,КИЗ,0104660528210082215iuRTqI4YPWU4
1,,,,,,КИЗ,01046605282100822159nQpJnXXyoj2
1,,,,,,КИЗ,0104660528210082215tvn9_A.rwmsP
1,,,,,,КИЗ,"0104660528210082215P,OigG8oqWm2"
1,,,,,,КИЗ,0104660528210082215oS)/:?5n)kla
1,,,,,,КИЗ,0104660528210082215t8U2QXN(BmpR
1,,,,,,КИЗ,0104660528210082215nBjv*zz9p;By
1,,,,,,КИЗ,0104660528210082215MDNAsp?KAw>5
1,,,,,,КИЗ,0104660528210082215=K%PNBNeKQbY
1,,,,,,КИЗ,0104660528210082215Js6FosrrjDgG
1,,,,,,КИЗ,0104660528210082215C.oCo%LEWab/
1,,,,,,КИЗ,0104660528210082215f6IQ9?bRKn:Y
1,,,,,,КИЗ,0104660528210082215L:OGF:9K5;Ed
1,,,,,,КИЗ,0104660528210082215YNvO?EP&haUA
1,,,,,,КИЗ,0104660528210082215FD.RB3crUC2b
1,,,,,,КИЗ,0104660528210082215LCNETfjIOkV>
1,,,,,,КИЗ,0104660528210082215uyXBSpPzTzyN
1,,,,,,КИЗ,0104660528210082215U?sTd'B)BHSB
1,,,,,,КИЗ,0104660528210082215fCF5U!QPaC"t
1,,,,,,КИЗ,0104660528210082215pAan3dOmhAr=
1,,,,,,КИЗ,0104660528210082215tgQJDYdpiEOS
1,,,,,,КИЗ,0104660528210082215Kh2ja-F;nCdk
1,,,,,,КИЗ,0104660528210082215/AB=r)f(EUGd
1,,,,,,КИЗ,0104660528210082215Z%lDcRajRQ9a
1,,,,,,КИЗ,0104660528210082215y_rtTkdu0e"u
1,,,,,,КИЗ,0104660528210082215h6ciZ5/%-;ht
1,,,,,,КИЗ,0104660528210082215oo)//pi(Qb'P
1,,,,,,КИЗ,0104660528210082215nMzED;fd56A)
1,,,,,,КИЗ,0104660528210082215hIXMSQWb0kKu
1,,,,,,КИЗ,0104660528210082215lI_n/s=dRoSQ
1,,,,,,КИЗ,0104660528210082215Lf>v_m?JNSHn
1,,,,,,КИЗ,0104660528210082215=TXaGdrJce!K
1,,,,,,КИЗ,0104660528210082215LSTmS!zSiz8C
1,,,,,,КИЗ,01046605282100822155s.9FGS+CMbo
1,,,,,,КИЗ,0104660528210082215WTseao<PQvuL
1,,,,,,КИЗ,0104660528210082215giBCQudPLKdJ
1,,,,,,КИЗ,0104660528210082215A/KrUUB+D2jC
1,,,,,,КИЗ,01046605282100822156Qf0kgZT;jYl
1,,,,,,КИЗ,0104660528210082215&Bj'WgBGLHYk
1,,,,,,КИЗ,0104660528210082215gwgfKQi0YnOI
1,,,,,,КИЗ,0104660528210082215Qx*S.XTnP:5B
1,,,,,,КИЗ,"0104660528210082215bOtumfT,=wFV"
1,,,,,,КИЗ,0104660528210082215WOWrSpbMY8n7
1,,,,,,КИЗ,01046605282100822151UPlrN!1nhBH
1,,,,,,КИЗ,0104660528210082215"ptYLENXFoxa
1,,,,,,КИЗ,0104660528210082215bZeolPkk>ZvH
1,,,,,,КИЗ,0104660528210082215Ub4U>0gld7H/
1,,,,,,КИЗ,0104660528210082215ebX)egLP:KQd
1,,,,,,КИЗ,0104660528210082215iM0bsSy_j+cK
1,,,,,,КИЗ,0104660528210082215JZeRnmZZT3Kp
1,,,,,,КИЗ,0104660528210082215n.hP9FCH/&K(
1,,,,,,КИЗ,0104660528210082215-):9BKRIiVnD
1,,,,,,КИЗ,0104660528210082215ZC%Hl6=?u6l+
1,,,,,,КИЗ,0104660528210082215-UY)4iHANe*6
1,,,,,,КИЗ,0104660528210082215D(UJiPKa%oPB
1,,,,,,КИЗ,0104660528210082215qYV43bP4?qnl
1,,,,,,КИЗ,0104660528210082215A:dvC4dVgqgr
1,,,,,,КИЗ,0104660528210082215GrjDRFFh(RQX
1,,,,,,КИЗ,0104660528210082215(2JGXGR>YjdW
1,,,,,,КИЗ,"0104660528210082215/L-,CF6:c16u"
1,,,,,,КИЗ,01046605282100822154T6eh-%gpQdn
1,,,,,,КИЗ,0104660528210082215kOEd-VAsGKiG
1,,,,,,КИЗ,0104660528210082215"Nsc1DqpOLEX
1,,,,,,КИЗ,"0104660528210082215G,7mfWPDah+l"
1,,,,,,КИЗ,0104660528210082215JR9PikEm2JKr
1,,,,,,КИЗ,0104660528210082215-nh1YiY&2G8Y
1,,,,,,КИЗ,0104660528210082215G9AMqF2(Sivf
1,,,,,,КИЗ,0104660528210082215bAym8MmNmf.:
1,,,,,,КИЗ,0104660528210082215g"='JJygkQPL
1,,,,,,КИЗ,0104660528210082215E4Fg7EUGqEY/
1,,,,,,КИЗ,0104660528210082215_fgHJss+fpf+
1,,,,,,КИЗ,0104660528210082215LNG?YbWhfsT;
1,,,,,,КИЗ,0104660528210082215cDOSlrePE/FW
1,,,,,,КИЗ,0104660528210082215GC4tK4R3YgfH
1,,,,,,КИЗ,0104660528210082215cJDFcTO*_p%k
1,,,,,,КИЗ,0104660528210082215Fz4Km3FyQgzs
1,,,,,,КИЗ,0104660528210082215acc-+XO4S!4i
1,,,,,,КИЗ,0104660528210082215mjnav8Z2en*P
1,,,,,,КИЗ,0104660528210082215rUs!XmmVqDqi
1,,,,,,КИЗ,01046605282100822151ZHbIkhEFCqC
1,,,,,,КИЗ,0104660528210082215WrunAVHdsQh*
1,,,,,,КИЗ,0104660528210082215RaieHdMgPTov
1,,,,,,КИЗ,0104660528210082215cx22EpmCyTkf
1,,,,,,КИЗ,0104660528210082215EgRbltHv0sf:
1,,,,,,КИЗ,"0104660528210082215Z9IVp)j,&l;r"
1,,,,,,КИЗ,0104660528210082215O%xDULnkjTtD
1,,,,,,КИЗ,0104660528210082215CcD<VQV1<KiL
1,,,,,,КИЗ,0104660528210082215*TWNmiYwfrPj
1,,,,,,КИЗ,0104660528210082215B-8_OX=ISnnl
1,,,,,,КИЗ,0104660528210082215-z:TC>%o0l+o
1,,,,,,КИЗ,0104660528210082215EE=otEoiOXRe
1,,,,,,КИЗ,0104660528210082215VBcLfcE>rNMh
1,,,,,,КИЗ,0104660528210082215Xfj8;!FV&Rfk
1,,,,,,КИЗ,0104660528210082215S?ROb/oQYjsO
1,,,,,,КИЗ,0104660528210082215yGi3sB!E?mkk
1,,,,,,КИЗ,0104660528210082215lgg/GdXp)eqV
1,,,,,,КИЗ,0104660528210082215?RZ2ou5SFYHO
1,,,,,,КИЗ,0104660528210082215glWnmNG%+S_N
1,,,,,,КИЗ,0104660528210082215a:_xWZjA!WM*
1,,,,,,КИЗ,0104660528210082215reVgUBvtEh<C
1,,,,,,КИЗ,0104660528210082215r&dS6U3)eWHR
1,,,,,,КИЗ,"0104660528210082215eO,hJs<T(hYG"
1,,,,,,КИЗ,0104660528210082215QiBQELdsE&WT
1,,,,,,КИЗ,0104660528210082215Gyd;<jeRd.fD
1,,,,,,КИЗ,0104660528210082215RB=PBWtboApv
1,,,,,,КИЗ,0104660528210082215V?B)qn;RKAD5
1,,,,,,КИЗ,0104660528210082215KPMJ8<iULFkd
1,,,,,,КИЗ,0104660528210082215/lhA0q72CFT4
1,,,,,,КИЗ,"010466052821008221515,;7svST.Ua"
1,,,,,,КИЗ,0104660528210082215Gco&Yilq9Uze
1,,,,,,КИЗ,0104660528210082215&l:NtqrOTg"V
1,,,,,,КИЗ,01046605282100822152QzNKAmXhaPA
1,,,,,,КИЗ,01046605282100822151kOaFxf8o7w*
1,,,,,,КИЗ,01046605282100822158%ZfsIn-T6LC
1,,,,,,КИЗ,0104660528210082215KdaYme'?GtgY
1,,,,,,КИЗ,"0104660528210082215YgGmFmgTO,8O"
1,,,,,,КИЗ,0104660528210082215P4uSVDajoS1n
1,,,,,,КИЗ,"0104660528210082215Dv,!+CqcgyHe"
1,,,,,,КИЗ,0104660528210082215ruNuipVKF<JI
1,,,,,,КИЗ,0104660528210082215%YLOFfn7kXa7
1,,,,,,КИЗ,01046605282100822154%VBT!ujCZxR
1,,,,,,КИЗ,0104660528210082215WK=0sJ0%pmYu
1,,,,,,КИЗ,0104660528210082215GRt+q0vGPGbu
1,,,,,,КИЗ,0104660528210082215cdKShJ"bFbkM
1,,,,,,КИЗ,0104660528210082215?N4(vJ%AVQ'S
1,,,,,,КИЗ,0104660528210082215HDZR6O+aLjHP
1,,,,,,КИЗ,0104660528210082215dhch?7)J8*SP
1,,,,,,КИЗ,0104660528210082215k.Hox-CSt0P;
1,,,,,,КИЗ,"0104660528210082215,OikG/IdZc=I"
1,,,,,,КИЗ,0104660528210082215Gki.fjbkDorD
1,,,,,,КИЗ,01046605282100822155pP=234hIE48
1,,,,,,КИЗ,0104660528210082215Fa(tKtHtKBC(
1,,,,,,КИЗ,0104660528210082215WoStYuGm5>ex
1,,,,,,КИЗ,0104660528210082215)XrdznEcNaim
1,,,,,,КИЗ,0104660528210082215MtehM+qSunxp
1,,,,,,КИЗ,0104660528210082215FbPnC;0Ag>RK
1,,,,,,КИЗ,0104660528210082215+k1h0PiCBv1b
1,,,,,,КИЗ,0104660528210082215Y2aiKgUB;tWF
1,,,,,,КИЗ,0104660528210082215sA0bd3jf&Mmh
1,,,,,,КИЗ,"0104660528210082215>')bK,inQRfC"
1,,,,,,КИЗ,01046605282100822152"i_dfaPpFP9
1,,,,,,КИЗ,0104660528210082215_cob6SEGbzwC
1,,,,,,КИЗ,"0104660528210082215g+zt,I>4kZzb"
1,,,,,,КИЗ,0104660528210082215TpXS=X=?YGNQ
1,,,,,,КИЗ,0104660528210082215177eZUQcpL08
1,,,,,,КИЗ,01046605282100822159:J%x)KKg2CD
1,,,,,,КИЗ,0104660528210082215W_r(yKnwxusM
1,,,,,,КИЗ,0104660528210082215pm")V2_BEf'?
1,,,,,,КИЗ,0104660528210082215PxcXp6Bj+aNo
1,,,,,,КИЗ,0104660528210082215VHK6XkBuDmK=
1,,,,,,КИЗ,"0104660528210082215R=,VZimc/mZS"
1,,,,,,КИЗ,0104660528210082215NXR/nf0PxcPP
1,,,,,,КИЗ,0104660528210082215FLTZMLYEdE8l
1,,,,,,КИЗ,0104660528210082215sl;a1QmQPeWJ
1,,,,,,КИЗ,0104660528210082215riCp75BKmjjs
1,,,,,,КИЗ,0104660528210082215gik7YR45Uin(
1,,,,,,КИЗ,0104660528210082215j-P4MdF0U1T%
1,,,,,,КИЗ,0104660528210082215qoR0sSIa>QQE
1,,,,,,КИЗ,0104660528210082215CYNiMOuNR/W5
1,,,,,,КИЗ,0104660528210082215F7b4?d_E*-Hb
1,,,,,,КИЗ,0104660528210082215G_8&.RRbVp5?
1,,,,,,КИЗ,0104660528210082215*D+VjGdEfORb
1,,,,,,КИЗ,0104660528210082215dmk=bGF_PxKK
1,,,,,,КИЗ,0104660528210082215S)LUR%rZotTf
1,,,,,,КИЗ,0104660528210082215"t/p(qmRkfeC
1,,,,,,КИЗ,0104660528210082215pkGdQfn4D:aK
1,,,,,,КИЗ,0104660528210082215Lr>"1H?zF>3f
1,,,,,,КИЗ,"0104660528210082215Lkg,oCr4I>QP"
1,,,,,,КИЗ,0104660528210082215ixZ<siyaIBLy
1,,,,,,КИЗ,0104660528210082215VPym81Xg1MnL
1,,,,,,КИЗ,0104660528210082215LcbdW-FcnSSX
1,,,,,,КИЗ,0104660528210082215;Y>"L%BhuVFN
1,,,,,,КИЗ,0104660528210082215CpO26LIqarjJ
1,,,,,,КИЗ,01046605282100822154dQ=preXt5=t
1,,,,,,КИЗ,0104660528210082215TuQFjI7hzt;O
1,,,,,,КИЗ,0104660528210082215JmZ_qKGVRGij
1,,,,,,КИЗ,0104660528210082215kG7xjdxB'W6k
1,,,,,,КИЗ,0104660528210082215T*Ksccq'lGy/
1,,,,,,КИЗ,0104660528210082215GpQcie_>nc+j
1,,,,,,КИЗ,0104660528210082215%yck2r5LbTjt
1,,,,,,КИЗ,0104660528210082215YQXPxnCCp-qU
1,,,,,,КИЗ,0104660528210082215FS&BBMG1gZqP
1,,,,,,КИЗ,0104660528210082215HTeRXZ=CqOf=
1,,,,,,КИЗ,0104660528210082215kmlDTY<W%*i=
1,,,,,,КИЗ,0104660528210082215ITmiQi75Rc*q
1,,,,,,КИЗ,0104660528210082215g2b8prh06?db
1,,,,,,КИЗ,0104660528210082215rHH-GR-"EtkV
1,,,,,,КИЗ,0104660528210082215.LwHVywNbhGM
1,,,,,,КИЗ,0104660528210082215d2sd2tcAnZne
1,,,,,,КИЗ,0104660528210082215*nGzQOK-MmVt
1,,,,,,КИЗ,0104660528210082215.4mR!V7H1V'"
1,,,,,,КИЗ,0104660528210082215CUUbINIEx)QE
1,,,,,,КИЗ,0104660528210082215tYUqyAkDql_E
1,,,,,,КИЗ,0104660528210082215J_:dqLDAlrnp
1,,,,,,КИЗ,0104660528210082215Jq-p3gJ.MTF-
1,,,,,,КИЗ,0104660528210082215vMiuxr(q%Y;p
1,,,,,,КИЗ,01046605282100822159z8*yJtkqV%n
1,,,,,,КИЗ,0104660528210082215NWOcqHhdVn)r
1,,,,,,КИЗ,0104660528210082215mCz*H.CsfK;e
1,,,,,,КИЗ,0104660528210082215l_d>C%P6LRvX
1,,,,,,КИЗ,0104660528210082215>DqPaMQqVGQg
1,,,,,,КИЗ,0104660528210082215SAx'ytUnq:di
1,,,,,,КИЗ,0104660528210082215JIcpY3e'>gE1
1,,,,,,КИЗ,01046605282100822154MTIcGcTMhaT
1,,,,,,КИЗ,0104660528210082215(kEWvVQgUdzs
1,,,,,,КИЗ,"0104660528210082215ihbYX,'gl.RP"
1,,,,,,КИЗ,0104660528210082215dHm9_CZwXku;
1,,,,,,КИЗ,0104660528210082215On=f.OXKer"N
1,,,,,,КИЗ,0104660528210082215qqUwS=EbGx1Y
1,,,,,,КИЗ,0104660528210082215IeY3IfagHYe!
1,,,,,,КИЗ,0104660528210082215OL1f1QuG0JkV
1,,,,,,КИЗ,0104660528210082215FuGIoNmAsK(g
1,,,,,,КИЗ,0104660528210082215yYMnJvffcD_0
1,,,,,,КИЗ,"0104660528210082215A_JLJTJ4mEa,"
1,,,,,,КИЗ,0104660528210082215TareirFjo;E0
1,,,,,,КИЗ,"0104660528210082215M74qsgWxR,j5"
1,,,,,,КИЗ,0104660528210082215xKbMFiPV/YZ.
1,,,,,,КИЗ,0104660528210082215fWE5HgJmL7:W
1,,,,,,КИЗ,0104660528210082215RikbTy."9h3W
1,,,,,,КИЗ,0104660528210082215nDj4kRPFkt&X
1,,,,,,КИЗ,0104660528210082215a2xb)mJpI"PW
1,,,,,,КИЗ,0104660528210082215?sGj+"mPZHvH
1,,,,,,КИЗ,0104660528210082215'F*QKPeTEsko
1,,,,,,КИЗ,0104660528210082215gLvw:;aoIE)<
1,,,,,,КИЗ,0104660528210082215diR*dMQ4lnJv
1,,,,,,КИЗ,0104660528210082215WAiAK-"FC%4e
1,,,,,,КИЗ,"0104660528210082215sIL;o'qLq,At"
1,,,,,,КИЗ,0104660528210082215-4Ur=d7Zim%.
1,,,,,,КИЗ,0104660528210082215qrx>ii!L-fra
1,,,,,,КИЗ,0104660528210082215LpXdKYcCCKDO
1,,,,,,КИЗ,0104660528210082215MSLS.cesSCwP
1,,,,,,КИЗ,0104660528210082215L'czDYM0!DHx
1,,,,,,КИЗ,0104660528210082215%g2Vl1wXI>=(
1,,,,,,КИЗ,0104660528210082215YFWgs)Xf0I*I
1,,,,,,КИЗ,0104660528210082215TeXg7<OzVn*z
1,,,,,,КИЗ,01046605282100822153)RI"v"RgsUm
1,,,,,,КИЗ,0104660528210082215_feaWgL;rmXT
1,,,,,,КИЗ,"01046605282100822153OWlT,++hKGn"
1,,,,,,КИЗ,0104660528210082215CWA+(aqf/dB?
1,,,,,,КИЗ,0104660528210082215ftTp/6'!Bm_<
1,,,,,,КИЗ,0104660528210082215FbVVAWaZl=3Y
1,,,,,,КИЗ,0104660528210082215PrMCDfeY?XqZ
1,,,,,,КИЗ,0104660528210082215REDc4SGrLfUo
1,,,,,,КИЗ,0104660528210082215bmXb"UdiOc?l
1,,,,,,КИЗ,0104660528210082215OBKSeG&d+"kF
1,,,,,,КИЗ,0104660528210082215"VqsZo(*iWsb
1,,,,,,КИЗ,0104660528210082215hH7)_zheA_.V
1,,,,,,КИЗ,0104660528210082215_b/GBUAahW!E
1,,,,,,КИЗ,0104660528210082215f*kjEOrDiVbH
1,,,,,,КИЗ,01046605282100822150FhXdjoc/rVV
1,,,,,,КИЗ,0104660528210082215.Ni=QnLRz5hT
1,,,,,,КИЗ,0104660528210082215n_/&.+V&9"YF
1,,,,,,КИЗ,"0104660528210082215?UbFdc,puHY_"
1,,,,,,КИЗ,0104660528210082215hq0ST-a!eJEa
1,,,,,,КИЗ,0104660528210082215SlO&PqoTo7cr
1,,,,,,КИЗ,0104660528210082215xd%lNlL+0'*9
1,,,,,,КИЗ,0104660528210082215+"9QqsxgjVVV
1,,,,,,КИЗ,"0104660528210082215RO+I,Id?;>cG"
1,,,,,,КИЗ,"0104660528210082215Xk'Bbg,'eHkK"
1,,,,,,КИЗ,0104660528210082215QWD(HaEcJd;a
1,,,,,,КИЗ,0104660528210082215klo0XofmB-aY
1,,,,,,КИЗ,0104660528210082215H+dmBxifTdh8
1,,,,,,КИЗ,0104660528210082215Lk)EPH<zzE/l
1,,,,,,КИЗ,0104660528210082215rgWesam';MQ8
1,,,,,,КИЗ,0104660528210082215bdVkN1DSRq27
1,,,,,,КИЗ,0104660528210082215ZCVhg:WRBn%S
1,,,,,,КИЗ,0104660528210082215lRGFD9M<yJof
1,,,,,,КИЗ,0104660528210082215wg5jLQo''2H(
1,,,,,,КИЗ,0104660528210082215RPdDf+RVFsN3
1,,,,,,КИЗ,0104660528210082215.FB>_nVeN&Ps
1,,,,,,КИЗ,0104660528210082215xJpPU(QTL>ne
1,,,,,,КИЗ,"0104660528210082215q!,9M""w/t;y%"
1,,,,,,КИЗ,0104660528210082215<gukoJG.Zk-l
1,,,,,,КИЗ,0104660528210082215?QHG:Ffn2rs9
1,,,,,,КИЗ,0104660528210082215L=:zaFSh!UZP
1,,,,,,КИЗ,"0104660528210082215qeMGYSsxDa,D"
1,,,,,,КИЗ,0104660528210082215dv7lTi4qIdPV
1,,,,,,КИЗ,0104660528210082215swTTsbhay6*=
1,,,,,,КИЗ,0104660528210082215=B;_KP:bcDOd
1,,,,,,КИЗ,0104660528210082215Hxle6JCr*1/q
1,,,,,,КИЗ,0104660528210082215ZnXvuwkQrQsR
1,,,,,,КИЗ,0104660528210082215N7_Y5goXaJr=
1,,,,,,КИЗ,0104660528210082215M:KqmCzDDzPe
1,,,,,,КИЗ,0104660528210082215e2aF-H28_Qyo
1,,,,,,КИЗ,0104660528210082215zRQFp5vMfKmR
1,,,,,,КИЗ,0104660528210082215lKxYRsLCoofd
1,,,,,,КИЗ,0104660528210082215ioVaLXOUlDqI
1,,,,,,КИЗ,0104660528210082215aitl2emlO/Ua
1,,,,,,КИЗ,0104660528210082215Z6tZo:jMMZHX
1,,,,,,КИЗ,0104660528210082215EusD3Gmy5ncW
1,,,,,,КИЗ,0104660528210082215&:J1S'KJoW>a
1,,,,,,КИЗ,0104660528210082215HMLS4haHmqgA
1,,,,,,КИЗ,0104660528210082215TJkW3IM2HitT
1,,,,,,КИЗ,0104660528210082215!_(7P8i8Gk?*
1,,,,,,КИЗ,"0104660528210082215b!,C/&W;2:ip"
1,,,,,,КИЗ,0104660528210082215q3U-P!vWKdH!
1,,,,,,КИЗ,0104660528210082215iUTGMjfS)lxm
1,,,,,,КИЗ,0104660528210082215*Aj&JboBreEp
1,,,,,,КИЗ,0104660528210082215bZG1rkt%Crqk
1,,,,,,КИЗ,"0104660528210082215g,S:jGFcTK_F"
1,,,,,,КИЗ,0104660528210082215XjHqF<fkrwkG
1,,,,,,КИЗ,0104660528210082215DqRmt"QUe3Nj
1,,,,,,КИЗ,0104660528210082215A0TR4kl<gm5P
1,,,,,,КИЗ,0104660528210082215VpVPPg2OzYpl
1,,,,,,КИЗ,0104660528210082215!cmJahQ(TIRS
1,,,,,,КИЗ,01046605282100822153-pA2heRHfnp
1,,,,,,КИЗ,"0104660528210082215t,Ef/mPKLc,E"
1,,,,,,КИЗ,0104660528210082215OMF<UgTa9pml
1,,,,,,КИЗ,0104660528210082215B4<OL<LP?.nW
1,,,,,,КИЗ,"0104660528210082215PdQf%UZi,;hN"
1,,,,,,КИЗ,0104660528210082215Z8nSQ0Fgdygt
1,,,,,,КИЗ,0104660528210082215j4MOQiqruRPO
1,,,,,,КИЗ,0104660528210082215DALRfUnGHTc"
1,,,,,,КИЗ,0104660528210082215HLbcGh?-(V+f
1,,,,,,КИЗ,0104660528210082215LIRgFi2O)aGd
1,,,,,,КИЗ,0104660528210082215QBPVDssK=LAY
1,,,,,,КИЗ,0104660528210082215ScuAzP?DJuOc
1,,,,,,КИЗ,0104660528210082215d<>DXl>b;tCJ
1,,,,,,КИЗ,0104660528210082215R"1MzOe(Jd)i
1,,,,,,КИЗ,0104660528210082215kC>4hNIHHyuF
1,,,,,,КИЗ,0104660528210082215fDVCrOEqQYI1
1,,,,,,КИЗ,0104660528210082215"GrO6sHpSP-W
1,,,,,,КИЗ,"0104660528210082215kqLMLz,7Unmy"
1,,,,,,КИЗ,0104660528210082215mY_"UGjBDMUy
1,,,,,,КИЗ,"0104660528210082215z;LNg/=,HRQk"
1,,,,,,КИЗ,01046605282100822154g:puo2AJJrp
1,,,,,,КИЗ,0104660528210082215G!U3P/(lK(kV
1,,,,,,КИЗ,"0104660528210082215Cp/-TnBVT,mV"
1,,,,,,КИЗ,0104660528210082215ZFxZOXW1sJSY
1,,,,,,КИЗ,0104660528210082215hFF;S:NO<5jQ
1,,,,,,КИЗ,0104660528210082215dttDDKEVWGCg
1,,,,,,КИЗ,0104660528210082215rmMSVhMufWqo
1,,,,,,КИЗ,"0104660528210082215,8V-r3mqLc.K"
1,,,,,,КИЗ,0104660528210082215UYgzDb7TZLmO
1,,,,,,КИЗ,0104660528210082215mm%ZebF.!fjz
1,,,,,,КИЗ,"0104660528210082215MFqSmZK,D=vW"
1,,,,,,КИЗ,0104660528210082215k7uKCPuepeXB
1,,,,,,КИЗ,0104660528210082215*RJlQJQf!Lcd
1,,,,,,КИЗ,0104660528210082215=DfIV=oGGJYj
1,,,,,,КИЗ,01046605282100822154k3Tx/RQmJu8
1,,,,,,КИЗ,0104660528210082215mcDbAls7Mg>g
1,,,,,,КИЗ,0104660528210082215CT/Ou(LO46.R
1,,,,,,КИЗ,0104660528210082215Wo?l.zUsh-P/
1,,,,,,КИЗ,0104660528210082215PUp&oi!g3aB5
1,,,,,,КИЗ,0104660528210082215+g)MuJZ-CI&R
1,,,,,,КИЗ,0104660528210082215pRhsDbCGCMtX
1,,,,,,КИЗ,"0104660528210082215iQc,Y6N%cJiH"
1,,,,,,КИЗ,0104660528210082215ETh;BmdQ*&FJ
1,,,,,,КИЗ,0104660528210082215s2GGWHksA_WK
1,,,,,,КИЗ,"0104660528210082215fZoc,cVlZ3%-"
1,,,,,,КИЗ,0104660528210082215Kp'l8?o*mrLY
1,,,,,,КИЗ,0104660528210082215kNf2GbMRy/XB
1,,,,,,КИЗ,"0104660528210082215otqxm5G9p5L,"
1,,,,,,КИЗ,0104660528210082215DK<CC<*ki>mc
1,,,,,,КИЗ,"0104660528210082215fNNmtCa,md5g"
1,,,,,,КИЗ,0104660528210082215qmte5tqG/CNo
1,,,,,,КИЗ,0104660528210082215lauIWT'"c1Uu
1,,,,,,КИЗ,0104660528210082215&sxYPvP=YR2K
1,,,,,,КИЗ,0104660528210082215bba?EPe(ETf%
1,,,,,,КИЗ,0104660528210082215E9_(*cLMSIDV
1,,,,,,КИЗ,"0104660528210082215y,7TR*>6NiFG"
1,,,,,,КИЗ,"0104660528210082215pbt,EypLIeMh"
1,,,,,,КИЗ,"0104660528210082215utPfKrCs,O5h"
1,,,,,,КИЗ,0104660528210082215AZqa.erQj4Sd
1,,,,,,КИЗ,0104660528210082215P/KYaPe5edly
1,,,,,,КИЗ,0104660528210082215XoPI-_dX7>Hu
1,,,,,,КИЗ,0104660528210082215mB'dK(-KnkO*
1,,,,,,КИЗ,01046605282100822154qcn9smp>?U)
1,,,,,,КИЗ,0104660528210082215sc0sTlMVK(uW
1,,,,,,КИЗ,"0104660528210082215yN5Hm8vwA,EK"
1,,,,,,КИЗ,0104660528210082215ZjgeImO/aS1<
1,,,,,,КИЗ,"0104660528210082215<TP>sq,QdSAI"
1,,,,,,КИЗ,0104660528210082215OZml<eNsu'yG
1,,,,,,КИЗ,0104660528210082215SbjdliKGYlU=
1,,,,,,КИЗ,0104660528210082215r)hNFJTiqKDA
1,,,,,,КИЗ,0104660528210082215zrZD?eI"RTxJ
1,,,,,,КИЗ,0104660528210082215otxIZLOTCrxF
1,,,,,,КИЗ,0104660528210082215XpqkL>E3djed
1,,,,,,КИЗ,0104660528210082215FrnkXbf.XqoZ
1,,,,,,КИЗ,01046605282100822155:aDcXE0i<A:
1,,,,,,КИЗ,0104660528210082215GP3Z?ibm!8pq
1,,,,,,КИЗ,0104660528210082215lTG_uN2t8rU8
1,,,,,,КИЗ,"0104660528210082215S_pZ%9Qncn,W"
1,,,,,,КИЗ,0104660528210082215DE!PeNEYNRle
1,,,,,,КИЗ,0104660528210082215Z;Hhca2oedSP
1,,,,,,КИЗ,0104660528210082215RgkWAsFilTW0
1,,,,,,КИЗ,0104660528210082215l5=FOYMdvPVo
1,,,,,,КИЗ,0104660528210082215whKKYKPBYWZa
1,,,,,,КИЗ,"0104660528210082215<rtM,jWJrrrM"
1,,,,,,КИЗ,0104660528210082215uNJBKBZKU4Ah
1,,,,,,КИЗ,0104660528210082215KE&JeKmn;WIs
1,,,,,,КИЗ,0104660528210082215a?'gjVbKZjNv
1,,,,,,КИЗ,0104660528210082215JtPJz2Bo+JDq
1,,,,,,КИЗ,0104660528210082215UO;nsmCMDtJk
1,,,,,,КИЗ,0104660528210082215:KIzTpalaKdG
1,,,,,,КИЗ,0104660528210082215UsT'4/gRbb:?
1,,,,,,КИЗ,0104660528210082215O.b&Os*LyXK3
1,,,,,,КИЗ,0104660528210082215KIuDDtrNLVK<
1,,,,,,КИЗ,0104660528210082215fHAYnbtiq0Qd
1,,,,,,КИЗ,0104660528210082215=>uyPZfNFftI
1,,,,,,КИЗ,0104660528210082215JYIiUKZV!WmM
1,,,,,,КИЗ,0104660528210082215iXvylerZ?Y"p
1,,,,,,КИЗ,"0104660528210082215ow,RNsV'iLrm"
1,,,,,,КИЗ,0104660528210082215E0g-:FtHnD&M
1,,,,,,КИЗ,0104660528210082215lewCClQW?qV2
1,,,,,,КИЗ,0104660528210082215pKxrwhh<LaWO
1,,,,,,КИЗ,0104660528210082215req.gb"qfJnQ
1,,,,,,КИЗ,0104660528210082215mg7Nd>u1c9PP
1,,,,,,КИЗ,0104660528210082215A-kQQ<XOblUl
1,,,,,,КИЗ,0104660528210082215igHgR89XL/g1
1,,,,,,КИЗ,0104660528210082215ZuqZZc8b!UPR
1,,,,,,КИЗ,0104660528210082215sJyPTnljrI0m
1,,,,,,КИЗ,01046605282100822153&gNPKv4PCB?
1,,,,,,КИЗ,0104660528210082215dAJh-LDhysb+
1,,,,,,КИЗ,0104660528210082215V!o-bTGJcsos
1,,,,,,КИЗ,0104660528210082215:MV+zYjHBPGx
1,,,,,,КИЗ,0104660528210082215IuLCEMNoblKf
1,,,,,,КИЗ,0104660528210082215MOOnO!eQ)E8e
1,,,,,,КИЗ,01046605282100822151AktOsi0nWOV
1,,,,,,КИЗ,0104660528210082215E>_Y6LYX/pUV
1,,,,,,КИЗ,0104660528210082215AQ&+Tg>f/4!)
1,,,,,,КИЗ,01046605282100822159eorABJ-(vBL
1,,,,,,КИЗ,"0104660528210082215Y!tw/tnYb,jr"
1,,,,,,КИЗ,0104660528210082215:nYegliYKD3Z
1,,,,,,КИЗ,0104660528210082215!gnFtArQbl7e
1,,,,,,КИЗ,0104660528210082215Wnj:<mshh/gc
1,,,,,,КИЗ,0104660528210082215SknR"igI:D%8
1,,,,,,КИЗ,0104660528210082215>O?lR?ls69j2
1,,,,,,КИЗ,0104660528210082215X'OO8YkREggF
1,,,,,,КИЗ,0104660528210082215H8BhYE%JVq/s
1,,,,,,КИЗ,0104660528210082215;4:w0PafgkcJ
1,,,,,,КИЗ,0104660528210082215mu)q;zceHzr'
1,,,,,,КИЗ,0104660528210082215OORiMcLr&iad
1,,,,,,КИЗ,"0104660528210082215pmZ9fs=LtJb,"
1,,,,,,КИЗ,0104660528210082215O9CTXqAJbWW'
1,,,,,,КИЗ,0104660528210082215Nb0FKj(hCTRK
1,,,,,,КИЗ,0104660528210082215rDqIA;f+Fa-!
1,,,,,,КИЗ,0104660528210082215jk"fVM1f(JAu
1,,,,,,КИЗ,0104660528210082215sIG1btquKcqT
1,,,,,,КИЗ,0104660528210082215vxFT9tVaKS>t
1,,,,,,КИЗ,01046605282100822153Q7&r5lY7XhZ
1,,,,,,КИЗ,0104660528210082215Zl&qfIuDEg9;
1,,,,,,КИЗ,0104660528210082215D:7PVqq_dK;a
1,,,,,,КИЗ,0104660528210082215rtKe2NR"pkaB
1,,,,,,КИЗ,0104660528210082215NKHN=4.=EPYK
1,,,,,,КИЗ,0104660528210082215v5VBGwpcsfix
1,,,,,,КИЗ,0104660528210082215s0Hd1PCgoHTW
1,,,,,,КИЗ,0104660528210082215Ig*am9u-=DYu
1,,,,,,КИЗ,0104660528210082215>NTAsVtaGaia
1,,,,,,КИЗ,01046605282100822151VMlGfJ_kQbm
1,,,,,,КИЗ,0104660528210082215=T18CMkLMBb>
1,,,,,,КИЗ,0104660528210082215lk6mm_tLbA(b
1,,,,,,КИЗ,0104660528210082215PPFitZ9;ws&J
1,,,,,,КИЗ,0104660528210082215xQRKXpl1H7xI
1,,,,,,КИЗ,"0104660528210082215e8fkior,-M4?"
1,,,,,,КИЗ,01046605282100822153!ppshAPhczO
1,,,,,,КИЗ,0104660528210082215tLgRXeGkeNTl
1,,,,,,КИЗ,0104660528210082215fYU8EHQ<r!AE
1,,,,,,КИЗ,0104660528210082215:cGAlmo!QphK
1,,,,,,КИЗ,0104660528210082215FD2CP%&ARnay
1,,,,,,КИЗ,0104660528210082215cKN:mHEMgnSf
1,,,,,,КИЗ,0104660528210082215m9AxopPsgBOy
1,,,,,,КИЗ,"0104660528210082215,Hm4Wn+Y-8h4"
1,,,,,,КИЗ,0104660528210082215m&LX&)XoicbI
1,,,,,,КИЗ,0104660528210082215qekaE%J(w&qu
1,,,,,,КИЗ,0104660528210082215bmFNhhbYX'Fa
1,,,,,,КИЗ,0104660528210082215AZy7n8YTBv9H
1,,,,,,КИЗ,0104660528210082215JUxkPBp>9;Aq
1,,,,,,КИЗ,0104660528210082215W!twe%w6m75Z
1,,,,,,КИЗ,0104660528210082215WiE-XkXBglY&
1,,,,,,КИЗ,0104660528210082215+BjOOkZW0YhQ
1,,,,,,КИЗ,"0104660528210082215lrBMdcesl8,g"
1,,,,,,КИЗ,0104660528210082215Jt:5lXY;"zD)
1,,,,,,КИЗ,0104660528210082215%T_):pba6LbI
1,,,,,,КИЗ,01046605282100822151eSEyaV1XxDk
1,,,,,,КИЗ,0104660528210082215/TFM'jx?WblL
1,,,,,,КИЗ,0104660528210082215&hmTXYY)HBi4
1,,,,,,КИЗ,0104660528210082215N/'Q%>:OELTY
1,,,,,,КИЗ,0104660528210082215iEOZFlRMokmM
1,,,,,,КИЗ,0104660528210082215P7paCNRMxlEB
1,,,,,,КИЗ,01046605282100822157TYzMyL%ywWp
1,,,,,,КИЗ,010466052821008221526cKn_wgolXD
1,,,,,,КИЗ,0104660528210082215dfAVYfqQI!RE
1,,,,,,КИЗ,"0104660528210082215ZA0C>)7,rMK1"
1,,,,,,КИЗ,0104660528210082215UYZApOCBlR=Z
1,,,,,,КИЗ,0104660528210082215ujCShIw!>DVd
1,,,,,,КИЗ,0104660528210082215JUh<p!ShLiU5
1,,,,,,КИЗ,0104660528210082215ToHR?!wtf>NY
1,,,,,,КИЗ,0104660528210082215yqoEEWXrraqq
1,,,,,,КИЗ,0104660528210082215JVIb%D"8iq_!
1,,,,,,КИЗ,0104660528210082215Tpu/iDe*"a3'
1,,,,,,КИЗ,0104660528210082215jESzi?BrHNIx
1,,,,,,КИЗ,"0104660528210082215AVWu/V(_j,Iy"
1,,,,,,КИЗ,0104660528210082215wD/HVOn:7P%U
1,,,,,,КИЗ,"0104660528210082215B&eZvp1,KQ;J"
1,,,,,,КИЗ,0104660528210082215lFhU4PCAot9>
1,,,,,,КИЗ,0104660528210082215lmQLKTVOX6RL
1,,,,,,КИЗ,0104660528210082215Vs3kExxKPP*s
1,,,,,,КИЗ,01046605282100822155PZ:JWN:MdRT
2,ппппп,222.0,500,796,без НДС,КИЗ,0104660528210082215T7;9BYGqpBIM
2,,,,,,КИЗ,0104660528210082215DgK(.'H9EVTC
2,,,,,,КИЗ,0104660528210082215o1xr/W5hMmTT
2,,,,,,КИЗ,01046605282100822151SyR*dQ'?hHe
2,,,,,,КИЗ,0104660528210082215CoWhAKZug0hs
2,,,,,,КИЗ,0104660528210082215Jr-;dQP-YYow
2,,,,,,КИЗ,"0104660528210082215,PoI's0fxZWq"
2,,,,,,КИЗ,0104660528210082215xnqFDDPeZKIw
2,,,,,,КИЗ,0104660528210082215lGgki=iwHO1A
2,,,,,,КИЗ,"0104660528210082215H+E_r=,*>lKE"
2,,,,,,КИЗ,0104660528210082215'Y(GnMeRgZZL
2,,,,,,КИЗ,0104660528210082215XbnGFa>mQaro
2,,,,,,КИЗ,0104660528210082215oBjZ_r-H*"v?
2,,,,,,КИЗ,0104660528210082215A=ca-+NZIkM2
2,,,,,,КИЗ,0104660528210082215+KO64c40WMZ8
2,,,,,,КИЗ,0104660528210082215J3.ht"YST'**
2,,,,,,КИЗ,0104660528210082215PJ"TlEuZ_0iZ
2,,,,,,КИЗ,0104660528210082215IL2GnPrFpRkM
2,,,,,,КИЗ,0104660528210082215eUl%Fr6WU8sV
2,,,,,,КИЗ,"0104660528210082215S,K"",oJZ0oQJ"
2,,,,,,КИЗ,0104660528210082215Ac)?9Qo1q86j
2,,,,,,КИЗ,01046605282100822152lR1Okotsjvr
2,,,,,,КИЗ,0104660528210082215ddcYM;pIWQlH
2,,,,,,КИЗ,"0104660528210082215zpMSoY1cE=2,"
2,,,,,,КИЗ,0104660528210082215*%jB7RmlT6Ov
2,,,,,,КИЗ,0104660528210082215K4R>DH>-LYjc
2,,,,,,КИЗ,0104660528210082215Ph:nSp=*RTTR
2,,,,,,КИЗ,"0104660528210082215fcbk*CZ/KJ:,"
2,,,,,,КИЗ,0104660528210082215<6ydQp-ebTDI
2,,,,,,КИЗ,0104660528210082215.bdI/UFo;p'L
2,,,,,,КИЗ,0104660528210082215dP1hB0hEj&sS
2,,,,,,КИЗ,0104660528210082215D-8:v6x4wd6'
2,,,,,,КИЗ,0104660528210082215RqGyVJ4E"-ww
2,,,,,,КИЗ,01046605282100822152f(ae2I%-CfY
2,,,,,,КИЗ,0104660528210082215pUc(UFlTNR*F
2,,,,,,КИЗ,0104660528210082215h3SK;8?j<DIO
2,,,,,,КИЗ,0104660528210082215CQa/_6MgM(Lc
2,,,,,,КИЗ,0104660528210082215AO.<-jy=tOKn
2,,,,,,КИЗ,0104660528210082215YRo&CAU:eLjq
2,,,,,,КИЗ,0104660528210082215SE4uHF9rOkqt
2,,,,,,КИЗ,0104660528210082215Oc%oFA)s?3Hc
2,,,,,,КИЗ,0104660528210082215fQzdiLRWh%%Q
2,,,,,,КИЗ,0104660528210082215QiYd5nVK(9w;
2,,,,,,КИЗ,0104660528210082215WeCkoAmLerjB
2,,,,,,КИЗ,01046605282100822159c5<fE8lnQia
2,,,,,,КИЗ,0104660528210082215iCQ?IQ(MwkDN
2,,,,,,КИЗ,0104660528210082215(KXxG"IGP_+)
2,,,,,,КИЗ,0104660528210082215VFZEhGO.RkOD
2,,,,,,КИЗ,0104660528210082215P;L5%NjwsZtL
2,,,,,,КИЗ,0104660528210082215tGb9nCzMxJX1
2,,,,,,КИЗ,0104660528210082215VNZC=XPPSSKD
2,,,,,,КИЗ,0104660528210082215NxeLg'yqk+Id
2,,,,,,КИЗ,0104660528210082215t6O+g1Ynla7I
2,,,,,,КИЗ,0104660528210082215ZbaAG)OhiwWh
2,,,,,,КИЗ,0104660528210082215p<DPQ(KbdoXX
2,,,,,,КИЗ,"0104660528210082215DDfaOAD,aX73"
2,,,,,,КИЗ,0104660528210082215rJ1ObRghvsUY
2,,,,,,КИЗ,0104660528210082215VOYMbESdZnEP
2,,,,,,КИЗ,0104660528210082215pVPX6AW/52nI
2,,,,,,КИЗ,0104660528210082215iQfRprl=J<63
2,,,,,,КИЗ,"0104660528210082215nMj,IO=onhQo"
2,,,,,,КИЗ,01046605282100822151rKOOZF;IZ.y
2,,,,,,КИЗ,0104660528210082215PaPPGCVIe&Qh
2,,,,,,КИЗ,01046605282100822154d8XwMcoAmi-
2,,,,,,КИЗ,0104660528210082215c-AnBBEk%.p_
2,,,,,,КИЗ,0104660528210082215iS/*rUtkofpb
2,,,,,,КИЗ,0104660528210082215O'exUJZOoT)d
2,,,,,,КИЗ,0104660528210082215>.1VPLj_/+Mf
2,,,,,,КИЗ,0104660528210082215ZvWx?E0<IhaJ
2,,,,,,КИЗ,0104660528210082215M<cpH=IVdot"
2,,,,,,КИЗ,0104660528210082215KiXpIxhJIgfy
2,,,,,,КИЗ,0104660528210082215gZyl/%LCigeN
2,,,,,,КИЗ,"0104660528210082215I+WoMpaozSF,"
2,,,,,,КИЗ,0104660528210082215INs35FRzynH;
2,,,,,,КИЗ,0104660528210082215maQWVbHPv!Gf
2,,,,,,КИЗ,0104660528210082215P0rIG3InDQ;r
2,,,,,,КИЗ,0104660528210082215sTz3xwrLRXP4
2,,,,,,КИЗ,0104660528210082215C<ORiPEMi?Ym
2,,,,,,КИЗ,0104660528210082215<a>N4C2jEwua
2,,,,,,КИЗ,0104660528210082215bfEPLS'kmHSc
2,,,,,,КИЗ,0104660528210082215b9cRbW)krV8J
2,,,,,,КИЗ,0104660528210082215.cNKgUXKj0oo
2,,,,,,КИЗ,0104660528210082215i-Z>og_KdTba
2,,,,,,КИЗ,0104660528210082215k(_6FrMBluXC
2,,,,,,КИЗ,0104660528210082215voJEYTRLiQ9T
2,,,,,,КИЗ,0104660528210082215imtAM5GTp'sR
2,,,,,,КИЗ,0104660528210082215=Fn4Ofithj'K
2,,,,,,КИЗ,0104660528210082215>EPADBHIEwoN
2,,,,,,КИЗ,0104660528210082215U!I*1EIfa*Tc
2,,,,,,КИЗ,01046605282100822154F>D>:_TSEMR
2,,,,,,КИЗ,"0104660528210082215dqYqqO,_'wN&"
2,,,,,,КИЗ,0104660528210082215cx:YbViRNzEE
2,,,,,,КИЗ,01046605282100822150srYRa%uL3TW
2,,,,,,КИЗ,01046605282100822157It*JJTHIK9g
2,,,,,,КИЗ,0104660528210082215JA"FkeKa5&Sb
2,,,,,,КИЗ,"0104660528210082215pV2HBBiP,ERQ"
2,,,,,,КИЗ,0104660528210082215ImSAV2K?MghX
2,,,,,,КИЗ,0104660528210082215bTUZEY<JvCQe
2,,,,,,КИЗ,0104660528210082215uUA/sEtYGC"G
2,,,,,,КИЗ,0104660528210082215*PQ(FTInSrn/
2,,,,,,КИЗ,0104660528210082215Y&6FSEjjGZmH
2,,,,,,КИЗ,0104660528210082215V-ZFuDIkNU)h
2,,,,,,КИЗ,0104660528210082215xh+_FwcyjZMm
2,,,,,,КИЗ,0104660528210082215vjPb0nBLeW/c
2,,,,,,КИЗ,0104660528210082215CfR!pcGOJhrl
2,,,,,,КИЗ,01046605282100822157ZCLcGI4Qyed
2,,,,,,КИЗ,0104660528210082215wQgpO"V7LTwF
2,,,,,,КИЗ,0104660528210082215EMLau6qaCED?
2,,,,,,КИЗ,0104660528210082215<qEv>dd84pLM
2,,,,,,КИЗ,0104660528210082215Q+&oq9gaiBcj
2,,,,,,КИЗ,010466052821008221585MowuNDj6sm
2,,,,,,КИЗ,0104660528210082215mPADLtEUeSZB
2,,,,,,КИЗ,0104660528210082215dgbaZA&XchSp
2,,,,,,КИЗ,0104660528210082215WH)K0ziYYS;Y
2,,,,,,КИЗ,01046605282100822153Ol8Mj5VnVlI
2,,,,,,КИЗ,0104660528210082215.49Is8-l"PYd
2,,,,,,КИЗ,01046605282100822157OsP"G(APMWN
2,,,,,,КИЗ,01046605282100822152ebsqj+NIIo9
2,,,,,,КИЗ,0104660528210082215dLK4Gslg?BsU
2,,,,,,КИЗ,0104660528210082215wj4ymB8rmwLg
2,,,,,,КИЗ,0104660528210082215Wuko1bDg6kXk
2,,,,,,КИЗ,0104660528210082215!a"IqDob-oQG
2,,,,,,КИЗ,0104660528210082215c(XWgdwnFXc!
2,,,,,,КИЗ,0104660528210082215X:bH"a6eEnmf
2,,,,,,КИЗ,0104660528210082215>bj5d8(EMLGM
2,,,,,,КИЗ,0104660528210082215XK7PaBDFjBIT
2,,,,,,КИЗ,0104660528210082215Y-i>/SKEokT3
2,,,,,,КИЗ,0104660528210082215D2KC>*5lDUKg
2,,,,,,КИЗ,0104660528210082215YrPtc2/tYVxu
2,,,,,,КИЗ,0104660528210082215+qH/XUh?ThHj
2,,,,,,КИЗ,0104660528210082215?TYEZf)MGi/q
2,,,,,,КИЗ,0104660528210082215R))ecMBbR6ex
2,,,,,,КИЗ,0104660528210082215CANV6IbXs4Gk
2,,,,,,КИЗ,0104660528210082215G*XTJukgCXlV
2,,,,,,КИЗ,0104660528210082215NUG&5FNkQRBi
2,,,,,,КИЗ,0104660528210082215sNC'FB2?BJ6b
2,,,,,,КИЗ,"0104660528210082215xeBhqQ,chzc'"
2,,,,,,КИЗ,01046605282100822156Dv-4Yh/PKu'
2,,,,,,КИЗ,0104660528210082215rRDCcDBsHtTQ
2,,,,,,КИЗ,0104660528210082215hTfe&aKocX*r
2,,,,,,КИЗ,0104660528210082215n0fsWt3etb=K
2,,,,,,КИЗ,0104660528210082215OalUNK-hXZ/u
2,,,,,,КИЗ,0104660528210082215tD6rfb+7)Y"t
2,,,,,,КИЗ,0104660528210082215c?lCAFLbUacB
2,,,,,,КИЗ,01046605282100822151ixChWMPSJrU
2,,,,,,КИЗ,0104660528210082215FpDHmlBACLK/
2,,,,,,КИЗ,0104660528210082215sEB>nt;akgh1
2,,,,,,КИЗ,0104660528210082215oJs9wBp>YSpL
2,,,,,,КИЗ,0104660528210082215zJYjtZy4jmCi
2,,,,,,КИЗ,0104660528210082215vo/sj1/VBUQP
2,,,,,,КИЗ,0104660528210082215DQjTt.hj7e/I
2,,,,,,КИЗ,0104660528210082215'BuB7imIda!U
2,,,,,,КИЗ,0104660528210082215CU*WCQRZ*HhT
2,,,,,,КИЗ,0104660528210082215EBnSOKcF:VRM
2,,,,,,КИЗ,"0104660528210082215l!LJSt'CjE,."
2,,,,,,КИЗ,01046605282100822159tFZV'MYQrFF
2,,,,,,КИЗ,0104660528210082215XVUtrZc!uCEg
2,,,,,,КИЗ,"0104660528210082215kYLuND=,UuoU"
2,,,,,,КИЗ,0104660528210082215ekWDuRp.pHHY
2,,,,,,КИЗ,0104660528210082215Cg!;n4GnX_;e
2,,,,,,КИЗ,0104660528210082215x5e.YL1HltXN
2,,,,,,КИЗ,0104660528210082215mzdeFKtl;YkV
2,,,,,,КИЗ,0104660528210082215BTosDrCw"NFt
2,,,,,,КИЗ,0104660528210082215s6lW;F3VOJW'
2,,,,,,КИЗ,0104660528210082215aAf*ODdONu3D
2,,,,,,КИЗ,0104660528210082215A:Z(k.s'KPjq
2,,,,,,КИЗ,0104660528210082215.IM7pkDl!:vu
2,,,,,,КИЗ,"0104660528210082215=jK(D,aaiHCy"
2,,,,,,КИЗ,0104660528210082215ecSmQCq9nR&(
2,,,,,,КИЗ,0104660528210082215iDQdhQiDvU&H
2,,,,,,КИЗ,0104660528210082215TUEWuTgNBnTo
2,,,,,,КИЗ,0104660528210082215JNI:YP;Zj2UV
2,,,,,,КИЗ,0104660528210082215ERNY'R?gC0Yd
2,,,,,,КИЗ,0104660528210082215R>dsGg)-oOSB
2,,,,,,КИЗ,0104660528210082215MtD_45>CTCRd
2,,,,,,КИЗ,0104660528210082215es0.hMRtpKC"
2,,,,,,КИЗ,0104660528210082215V9kOc&Su4Mq2
2,,,,,,КИЗ,0104660528210082215wT:IyCj_aXYo
2,,,,,,КИЗ,0104660528210082215qMV%KXXaDM0Q
2,,,,,,КИЗ,0104660528210082215VzJeM8aQ6?cZ
2,,,,,,КИЗ,01046605282100822151RdrT)sl21pr
2,,,,,,КИЗ,0104660528210082215gVXQL+P'v4BG
2,,,,,,КИЗ,0104660528210082215_7I7pinJAsUx
2,,,,,,КИЗ,0104660528210082215cy;Qf>gl-Ch4
2,,,,,,КИЗ,0104660528210082215M.Jd+IyVTwPB
2,,,,,,КИЗ,0104660528210082215)0S94:fgSVXu
2,,,,,,КИЗ,0104660528210082215XMfDDpZamFYG
2,,,,,,КИЗ,0104660528210082215F'es0vHWkXXI
2,,,,,,КИЗ,0104660528210082215LuTScRB"mVBf
2,,,,,,КИЗ,0104660528210082215iOEE%peGXKfT
2,,,,,,КИЗ,0104660528210082215=TZ0Zbyf/Ztz
2,,,,,,КИЗ,"0104660528210082215X)k3r:%;W,Tb"
2,,,,,,КИЗ,0104660528210082215"egOd"NZFKfZ
2,,,,,,КИЗ,"0104660528210082215rPZSBc,PFane"
2,,,,,,КИЗ,0104660528210082215;Y)gpurjZMIi
2,,,,,,КИЗ,0104660528210082215&cDmc.Jb4EMH
2,,,,,,КИЗ,0104660528210082215/CwoZsOLw&d5
2,,,,,,КИЗ,0104660528210082215lrKs/?sSAKwb
2,,,,,,КИЗ,0104660528210082215pfnpFmc66;HV
2,,,,,,КИЗ,01046605282100822157OLENcaZiS4T
2,,,,,,КИЗ,0104660528210082215E1FCP2d9VQ1B
2,,,,,,КИЗ,0104660528210082215GJc;TUS;rF8C
2,,,,,,КИЗ,0104660528210082215Mfo<oi)MQlrU
2,,,,,,КИЗ,"0104660528210082215e,lhPpYv&Hk0"
2,,,,,,КИЗ,"0104660528210082215%n2S&b6nKT,:"
2,,,,,,КИЗ,0104660528210082215SCeBZh>iTM%y
2,,,,,,КИЗ,0104660528210082215C:qAYkTvQ:Qb
2,,,,,,КИЗ,0104660528210082215hg/RB<O&YALh
2,,,,,,КИЗ,0104660528210082215x03jtktWKk=T
2,,,,,,КИЗ,0104660528210082215ZsZDY4Fikvox
2,,,,,,КИЗ,0104660528210082215eTu'(?hmm8/!
2,,,,,,КИЗ,01046605282100822151MlXyESTe5g'
2,,,,,,КИЗ,0104660528210082215M0in.rIgXp9T
2,,,,,,КИЗ,01046605282100822158c/f2RsLM*Rc
2,,,,,,КИЗ,0104660528210082215mGH?9:'DSJo!
2,,,,,,КИЗ,0104660528210082215Go<BWvoFM/sI
2,,,,,,КИЗ,0104660528210082215/prrqc=32Lqn
2,,,,,,КИЗ,01046605282100822151F7pOhRd2RLb
2,,,,,,КИЗ,0104660528210082215V"j?VoIgRlpU
2,,,,,,КИЗ,0104660528210082215%4-Fug"c;6/!
2,,,,,,КИЗ,0104660528210082215BUO4J3AT;ndR
2,,,,,,КИЗ,0104660528210082215eIHG1UCZOXtD
2,,,,,,КИЗ,0104660528210082215uq6&Gm1W*ybF
2,,,,,,КИЗ,0104660528210082215<<Vad;UqREpz
2,,,,,,КИЗ,0104660528210082215DjKTtaD(%.lY
2,,,,,,КИЗ,"0104660528210082215"")C4LnfINb,F"
2,,,,,,КИЗ,01046605282100822152>Y7pMyR3EU<
2,,,,,,КИЗ,0104660528210082215O=kg_qJ=gH+&
2,,,,,,КИЗ,0104660528210082215ZnAECsoQG/cg
2,,,,,,КИЗ,0104660528210082215sSa8eCyZ)gK2
2,,,,,,КИЗ,0104660528210082215gKB.DPDeStFq
2,,,,,,КИЗ,0104660528210082215GbLqWlnfGf8Y
2,,,,,,КИЗ,0104660528210082215bn4O5tKGTJKq
2,,,,,,КИЗ,0104660528210082215JPB"TCAH'Xnl
2,,,,,,КИЗ,0104660528210082215TS:JsexFNNPl
2,,,,,,КИЗ,0104660528210082215bkgFHoX*;coG
2,,,,,,КИЗ,0104660528210082215uRXCmtt/GA4R
2,,,,,,КИЗ,0104660528210082215x<T%Fa;rs!.(
2,,,,,,КИЗ,0104660528210082215pbEUO8Ret&4Z
2,,,,,,КИЗ,0104660528210082215x;f%Yitubq"I
2,,,,,,КИЗ,0104660528210082215ROpE6f6TKyd&
2,,,,,,КИЗ,01046605282100822153.8Q6gqFbiAN
2,,,,,,КИЗ,0104660528210082215aj8gUSG1fDhQ
2,,,,,,КИЗ,0104660528210082215-gsXIGrfXn'i
2,,,,,,КИЗ,0104660528210082215IBOPjKWiNuZw
2,,,,,,КИЗ,0104660528210082215sDmP?&pjOEm5
2,,,,,,КИЗ,0104660528210082215Rtgfg&Sadfzt
2,,,,,,КИЗ,0104660528210082215EKyf4m-rSt1D
2,,,,,,КИЗ,"0104660528210082215(Rep2GM,PfP2"
2,,,,,,КИЗ,0104660528210082215lmoJTJ'O9fHN
2,,,,,,КИЗ,"0104660528210082215>O:Yx.,*ogcP"
2,,,,,,КИЗ,0104660528210082215kM/Mdi7ngjCe
2,,,,,,КИЗ,0104660528210082215;"SBW!sB)KBA
2,,,,,,КИЗ,0104660528210082215Wet/d9oheWfT
2,,,,,,КИЗ,0104660528210082215oWSkijj4n3O*
2,,,,,,КИЗ,0104660528210082215jR9d*ubVaJit
2,,,,,,КИЗ,0104660528210082215AWUhUqHeU+Wj
2,,,,,,КИЗ,0104660528210082215tOnCFnX_M+MT
2,,,,,,КИЗ,0104660528210082215Qw.&9"x)/O;D
2,,,,,,КИЗ,0104660528210082215zdDMtb6eTlB<
2,,,,,,КИЗ,0104660528210082215+q>n_TTK(>S-
2,,,,,,КИЗ,0104660528210082215(wExC/fOtOnU
2,,,,,,КИЗ,01046605282100822155kfARQQ9wjdZ
2,,,,,,КИЗ,0104660528210082215-vj6SENEqR0W
2,,,,,,КИЗ,0104660528210082215SU0+diqiy)TE
2,,,,,,КИЗ,0104660528210082215rv*PDO)gPh=;
2,,,,,,КИЗ,0104660528210082215TduOHkb*08X9
2,,,,,,КИЗ,0104660528210082215/s2bPi)vH!iY
2,,,,,,КИЗ,0104660528210082215PZfeh/WZ*&m>
2,,,,,,КИЗ,0104660528210082215zGZE%JHxZio?
2,,,,,,КИЗ,0104660528210082215T6j-P'+j7J1O
2,,,,,,КИЗ,0104660528210082215f:RXCc3xoto9
2,,,,,,КИЗ,"0104660528210082215pK,MgIIZHCQW"
2,,,,,,КИЗ,0104660528210082215m"qHGzc_wZHp
2,,,,,,КИЗ,0104660528210082215uNzLtqe2lt_v
2,,,,,,КИЗ,0104660528210082215:hPIc:iprj+m
2,,,,,,КИЗ,0104660528210082215WgRH.x*CjUR8
2,,,,,,КИЗ,0104660528210082215Yxmo(xR3&z"Q
2,,,,,,КИЗ,0104660528210082215ooV>Cg:4/DWC
2,,,,,,КИЗ,0104660528210082215QHdhEjlTkaR-
2,,,,,,КИЗ,0104660528210082215vJUFywJQB2TP
2,,,,,,КИЗ,0104660528210082215Xp:PMjb4J;F3
2,,,,,,КИЗ,0104660528210082215coa?UGVcBJDt
2,,,,,,КИЗ,0104660528210082215'tpUo%1cZ5ob
2,,,,,,КИЗ,0104660528210082215XSxQS0Y04oDo
2,,,,,,КИЗ,0104660528210082215OSlQAYISHDdx
2,,,,,,КИЗ,0104660528210082215k?ZrmSJD.hEN
2,,,,,,КИЗ,0104660528210082215?V*i4WcNWCQ(
2,,,,,,КИЗ,0104660528210082215NW5ecJqQYNm.
2,,,,,,КИЗ,0104660528210082215FQipUkVs+(EC
2,,,,,,КИЗ,0104660528210082215V8R9sei_p!kT
2,,,,,,КИЗ,01046605282100822157-;ZpeKWKaWh
2,,,,,,КИЗ,0104660528210082215c6b>u"'l;7a*
2,,,,,,КИЗ,"0104660528210082215Yc4CKC)ylbY,"
2,,,,,,КИЗ,0104660528210082215HFVemylIMrrB
2,,,,,,КИЗ,0104660528210082215SEwLGnemad>>
2,,,,,,КИЗ,0104660528210082215Bi*RW0YtvRy2
2,,,,,,КИЗ,"0104660528210082215RTzNOS54Z,<+"
2,,,,,,КИЗ,0104660528210082215U"mHcpJbPBIM
2,,,,,,КИЗ,"0104660528210082215/q7bO,PZDoBZ"
2,,,,,,КИЗ,0104660528210082215bSZbKo6J>CP0
2,,,,,,КИЗ,0104660528210082215TwkVkGCkc)lt
2,,,,,,КИЗ,0104660528210082215EOk8dmfQHLpy
2,,,,,,КИЗ,0104660528210082215*TfBViRas2SO
2,,,,,,КИЗ,01046605282100822152vo0gHqfA)Mk
2,,,,,,КИЗ,0104660528210082215i-FiC(78U.c?
2,,,,,,КИЗ,0104660528210082215sh1)N:JZeqTf
2,,,,,,КИЗ,0104660528210082215Fa?;.aCO'Ofw
2,,,,,,КИЗ,0104660528210082215HPJs2PfjO8ku
2,,,,,,КИЗ,0104660528210082215ebae)jMGEKRQ
2,,,,,,КИЗ,0104660528210082215XUQjeVpldUqw
2,,,,,,КИЗ,"0104660528210082215aHz3""P.A,tnu"
2,,,,,,КИЗ,0104660528210082215ZQDGbh6VAsYd
2,,,,,,КИЗ,0104660528210082215dfrRyOTuz=GR
2,,,,,,КИЗ,0104660528210082215nQYmisjIGnw)
2,,,,,,КИЗ,0104660528210082215pI'J<r2R-gjw
2,,,,,,КИЗ,01046605282100822151qFq"Wz)aD+"
2,,,,,,КИЗ,0104660528210082215apVrQ.mHaM15
2,,,,,,КИЗ,"0104660528210082215TJ,srE0&Rlvr"
2,,,,,,КИЗ,0104660528210082215d/mcPmza2y%n
2,,,,,,КИЗ,0104660528210082215TCAtY5mf2gXu
2,,,,,,КИЗ,01046605282100822151kLpWI%PLI*.
2,,,,,,КИЗ,0104660528210082215BZVwkXdPD=D5
2,,,,,,КИЗ,0104660528210082215YpZMHy5MKIsi
2,,,,,,КИЗ,"0104660528210082215SU,!pWBPeeP%"
2,,,,,,КИЗ,01046605282100822158CnMqGOPo)7_
2,,,,,,КИЗ,0104660528210082215DZ.WWm)ztn+P
2,,,,,,КИЗ,0104660528210082215fDqrYEWQG5Wb
2,,,,,,КИЗ,0104660528210082215o/3bFNSx'0%B
2,,,,,,КИЗ,0104660528210082215dX.:YtVJ%9eS
2,,,,,,КИЗ,"0104660528210082215(qH4,AfZNfns"
2,,,,,,КИЗ,0104660528210082215GNUDRDnOlXbG
2,,,,,,КИЗ,0104660528210082215U3*yTP!k?IPz
2,,,,,,КИЗ,0104660528210082215TNDclfHRicjG
2,,,,,,КИЗ,"0104660528210082215xD<,hRUo<E-q"
2,,,,,,КИЗ,0104660528210082215"EElU:qs81aP
2,,,,,,КИЗ,"0104660528210082215,/Pw'FRPCLhR"
2,,,,,,КИЗ,0104660528210082215D*XO=wq9CUG0
2,,,,,,КИЗ,0104660528210082215tmMCAbKCuowZ
2,,,,,,КИЗ,0104660528210082215c!iVoeZTDa%<
2,,,,,,КИЗ,0104660528210082215Jgo.&EGGMK4Z
2,,,,,,КИЗ,0104660528210082215NaGuEdWH6LU1
2,,,,,,КИЗ,0104660528210082215OScpene(d39p
2,,,,,,КИЗ,0104660528210082215aaXaXFYKDgOD
2,,,,,,КИЗ,0104660528210082215XbO6m7nk-iz7
2,,,,,,КИЗ,"0104660528210082215kpWD3;b'(tE,"
2,,,,,,КИЗ,0104660528210082215ieIjMq9ZGnU:
2,,,,,,КИЗ,01046605282100822156LQnD9TyRJOf
2,,,,,,КИЗ,0104660528210082215+mCDM8Yq?KL0
2,,,,,,КИЗ,0104660528210082215cmLOoVFKqwMb
2,,,,,,КИЗ,0104660528210082215&skft+cawq7G
2,,,,,,КИЗ,"0104660528210082215*Yj0>Ur,bPaa"
2,,,,,,КИЗ,0104660528210082215G(;9lRV_Mb=3
2,,,,,,КИЗ,"0104660528210082215B!ad0_&dt0L,"
2,,,,,,КИЗ,0104660528210082215<QmZG6j.KSPQ
2,,,,,,КИЗ,0104660528210082215K=fCsRo:C2cN
2,,,,,,КИЗ,0104660528210082215uB)JWh.tcSKS
2,,,,,,КИЗ,0104660528210082215YmkECewxC?p)
2,,,,,,КИЗ,0104660528210082215**gINPAAoRkH
2,,,,,,КИЗ,"0104660528210082215,k_DsEvURqPq"
2,,,,,,КИЗ,0104660528210082215VU2b'Z0.VEjN
2,,,,,,КИЗ,0104660528210082215y:CEUXb8MgYm
2,,,,,,КИЗ,0104660528210082215fPVuCs3bCBE8
2,,,,,,КИЗ,0104660528210082215sMMj.pb=kLwT
2,,,,,,КИЗ,0104660528210082215VRQLt(=MiyLX
2,,,,,,КИЗ,0104660528210082215EOniBkd7Ljdl
2,,,,,,КИЗ,0104660528210082215eDapw4Xa(P2k
2,,,,,,КИЗ,0104660528210082215ZLN+8VIaLsY=
2,,,,,,КИЗ,0104660528210082215iU9kcUZapE_+
2,,,,,,КИЗ,0104660528210082215Snshg6jdAZEz
2,,,,,,КИЗ,0104660528210082215GJYPukTGb+)e
2,,,,,,КИЗ,0104660528210082215bbejEF<)WmGm
2,,,,,,КИЗ,0104660528210082215ADkoYuxQO8ZD
2,,,,,,КИЗ,0104660528210082215)XFg.NpALmxm
2,,,,,,КИЗ,"0104660528210082215N8DNlxkp2,SL"
2,,,,,,КИЗ,0104660528210082215KEGFKA+VqJD*
2,,,,,,КИЗ,01046605282100822154UojoShQSgU9
2,,,,,,КИЗ,0104660528210082215SaJG5%dLp?da
2,,,,,,КИЗ,01046605282100822154PlqKjs'aY=S
2,,,,,,КИЗ,0104660528210082215unCR6tY)MA/P
2,,,,,,КИЗ,0104660528210082215YGFX9gkEgNEG
2,,,,,,КИЗ,"0104660528210082215r(,rmom""8jkh"
2,,,,,,КИЗ,0104660528210082215tDb*XcZDAGPb
2,,,,,,КИЗ,0104660528210082215n6gWXbNLjLFX
2,,,,,,КИЗ,0104660528210082215U"NaaNVv<z:A
2,,,,,,КИЗ,"0104660528210082215f?EdD,jYxV.Z"
2,,,,,,КИЗ,0104660528210082215H6KdmRc_;aXQ
2,,,,,,КИЗ,0104660528210082215hnAcos1pQ4mj
2,,,,,,КИЗ,01046605282100822159'C(%KysbMfe
2,,,,,,КИЗ,"01046605282100822157W6F>PVX,Np;"
2,,,,,,КИЗ,0104660528210082215GEUKsCi:gAEU
2,,,,,,КИЗ,0104660528210082215IuvZ+bjS%TDc
2,,,,,,КИЗ,0104660528210082215GrqH*84+Ht)t
2,,,,,,КИЗ,0104660528210082215XQLZXQe2dL6Z
2,,,,,,КИЗ,0104660528210082215TTlplJ'8pF2H
2,,,,,,КИЗ,0104660528210082215Yqh)gPZ<G9dt
2,,,,,,КИЗ,0104660528210082215YPR*C;PaJ1kt
2,,,,,,КИЗ,0104660528210082215WcUOyeklGKX3
2,,,,,,КИЗ,0104660528210082215rHClfcRjLVYb
2,,,,,,КИЗ,"0104660528210082215c%,f1VOH-H:Z"
2,,,,,,КИЗ,0104660528210082215fmpXS7L2H_gX
2,,,,,,КИЗ,0104660528210082215iPDKTOv.P<Ry
2,,,,,,КИЗ,01046605282100822157T2FSJXSZ+oi
2,,,,,,КИЗ,0104660528210082215I7uaYuGnhoCp
2,,,,,,КИЗ,0104660528210082215EDLdC5Gq(Bd8
2,,,,,,КИЗ,0104660528210082215%pNRGi:!9=>I
2,,,,,,КИЗ,0104660528210082215!Q;%'Rr"PCW7
2,,,,,,КИЗ,0104660528210082215Yha'f_Dol*Ka
2,,,,,,КИЗ,0104660528210082215D%QfZyAAZTJL
2,,,,,,КИЗ,0104660528210082215NFoKR4a7%e(A
2,,,,,,КИЗ,0104660528210082215QrmCCoidStQt
2,,,,,,КИЗ,0104660528210082215Z5feXM;.gs1W
2,,,,,,КИЗ,0104660528210082215"XBlcQtXFeaC
2,,,,,,КИЗ,0104660528210082215G-Z>C<-OMHaT
2,,,,,,КИЗ,0104660528210082215XZ3+U>h(SfsL
2,,,,,,КИЗ,0104660528210082215DnfXnEHM%zC)
2,,,,,,КИЗ,0104660528210082215oAn-dB*FF7kH
2,,,,,,КИЗ,0104660528210082215iTVpJbl.':bq
2,,,,,,КИЗ,0104660528210082215FPNcQicclk2"
2,,,,,,КИЗ,0104660528210082215rCXkx?s;WI?C
2,,,,,,КИЗ,0104660528210082215-U<>aQhaBI*U
2,,,,,,КИЗ,0104660528210082215lQHSkvT"YheE
2,,,,,,КИЗ,0104660528210082215%-f>ZIdrFCWl
2,,,,,,КИЗ,0104660528210082215tO'ALaD+BaNd
2,,,,,,КИЗ,0104660528210082215Te17%V=LhrXR
2,,,,,,КИЗ,0104660528210082215vMw8TO'??ag1
2,,,,,,КИЗ,01046605282100822157eZX=LqpqYFU
2,,,,,,КИЗ,"0104660528210082215GNLTb)kNNp,z"
2,,,,,,КИЗ,01046605282100822152hTjKZlkj4BU
2,,,,,,КИЗ,0104660528210082215BGXhLzp9Edbp
2,,,,,,КИЗ,0104660528210082215vUi!0bsa'JnH
2,,,,,,КИЗ,0104660528210082215W8)vr7raLAI=
2,,,,,,КИЗ,0104660528210082215dntQP=q)aI*G
2,,,,,,КИЗ,0104660528210082215GmbgUegpbEYH
2,,,,,,КИЗ,0104660528210082215alGdqWw2ksNt
2,,,,,,КИЗ,01046605282100822151B3at=CHYYsX
2,,,,,,КИЗ,0104660528210082215T>3;YU6RiZUC
2,,,,,,КИЗ,0104660528210082215y_+L=QeIggO+
2,,,,,,КИЗ,0104660528210082215WsMYQJoFUD6X
2,,,,,,КИЗ,0104660528210082215FyKlK2oErFxD
2,,,,,,КИЗ,0104660528210082215"(chGRbj2vc5
2,,,,,,КИЗ,0104660528210082215>NZe(_*xK+AF
2,,,,,,КИЗ,0104660528210082215g/TCBUamlsP5
2,,,,,,КИЗ,0104660528210082215k<sMk&NWu*IK
2,,,,,,КИЗ,0104660528210082215loQXmuf4WAQb
2,,,,,,КИЗ,0104660528210082215ycP_ioJthwXU
2,,,,,,КИЗ,0104660528210082215ccFZ"Tc/qOtv
2,,,,,,КИЗ,0104660528210082215Z)QMRh:NuF4)
2,,,,,,КИЗ,0104660528210082215fchXle>Dzm;p
2,,,,,,КИЗ,0104660528210082215lZcbYu<H)Lvg
2,,,,,,КИЗ,0104660528210082215G(NY!xiy1+LI
2,,,,,,КИЗ,0104660528210082215ZUXQEBYq.uOK
2,,,,,,КИЗ,0104660528210082215V1"WeZLCZMwC
2,,,,,,КИЗ,0104660528210082215wdrLmQtbQ>!r
2,,,,,,КИЗ,0104660528210082215dj16YF>n%H&n
2,,,,,,КИЗ,0104660528210082215qWGSnecq_qhg
2,,,,,,КИЗ,0104660528210082215ugOG*lCE>SJB
2,,,,,,КИЗ,0104660528210082215xM)HAVhkU9jX
2,,,,,,КИЗ,0104660528210082215JBClBU/MIlu:
2,,,,,,КИЗ,0104660528210082215:7U(/o<r)TJF
2,,,,,,КИЗ,0104660528210082215xlgfdFlE-RtB
2,,,,,,КИЗ,0104660528210082215xpEU8cWU/+Zy
2,,,,,,КИЗ,0104660528210082215JpWyhtDiVWLJ
2,,,,,,КИЗ,0104660528210082215:FP"&VP+7aoD
2,,,,,,КИЗ,0104660528210082215NG>suLCUsH2Z
2,,,,,,КИЗ,0104660528210082215bWOG=CnjK4rF
2,,,,,,КИЗ,0104660528210082215r6f/J9dh4u;P
2,,,,,,КИЗ,0104660528210082215m=jBBPUP-RSw
2,,,,,,КИЗ,0104660528210082215'aFfycsvnX_)
2,,,,,,КИЗ,0104660528210082215GW7wq+%NH9uy
2,,,,,,КИЗ,0104660528210082215pQho2pid.PBc
2,,,,,,КИЗ,0104660528210082215qjcs&U54dhGX
2,,,,,,КИЗ,"0104660528210082215RaHXPnoU,wjl"
2,,,,,,КИЗ,0104660528210082215pOI&uCDY8hHx
2,,,,,,КИЗ,0104660528210082215obGlPm=PJkkX
2,,,,,,КИЗ,0104660528210082215iLdJ_t&%_RIm
2,,,,,,КИЗ,01046605282100822153oJKkatjMAkJ
2,,,,,,КИЗ,01046605282100822156AD4KuRQfR&I
2,,,,,,КИЗ,0104660528210082215TrgCwiYO5d6+
2,,,,,,КИЗ,"0104660528210082215%,JTY,Mdja<f"
2,,,,,,КИЗ,0104660528210082215GCrCJ3GtWUfq
2,,,,,,КИЗ,0104660528210082215%yF:9B7=lveo
2,,,,,,КИЗ,0104660528210082215qAvBRY*TJqhJ
2,,,,,,КИЗ,0104660528210082215X=hg&PPIE"Qf
2,,,,,,КИЗ,0104660528210082215b"Fn>ib&9aJM
2,,,,,,КИЗ,01046605282100822158wbVceaDOnOb
2,,,,,,КИЗ,0104660528210082215oPkgHdnCc6;7
2,,,,,,КИЗ,0104660528210082215&H0SZpGJCi/C
2,,,,,,КИЗ,0104660528210082215ClT'q_QSEkFe
2,,,,,,КИЗ,0104660528210082215Ug*t/thyQhG_
2,,,,,,КИЗ,0104660528210082215Gn.Hdeagplrm
2,,,,,,КИЗ,0104660528210082215F-KCKZEiQ9HM
2,,,,,,КИЗ,0104660528210082215IA2iGCnWC'co
2,,,,,,КИЗ,0104660528210082215Qre;89Egji5H
2,,,,,,КИЗ,0104660528210082215_(rnbZWwiyXQ
2,,,,,,КИЗ,0104660528210082215(>fsZN.Tab'(
2,,,,,,КИЗ,0104660528210082215jOZHNcALFb+<
2,,,,,,КИЗ,0104660528210082215Xmr".BPmrE*y
2,,,,,,КИЗ,0104660528210082215LkRIUOJa(BUC
2,,,,,,КИЗ,0104660528210082215GS=gABVuZmPu
3,ррррр,3333.0,500,796,без НДС,КИЗ,0104660528210082215edmF?9-H/HB%
3,,,,,,КИЗ,01046605282100822152K7pN_cZ/Gud
3,,,,,,КИЗ,01046605282100822158EQupaF!sIR5
3,,,,,,КИЗ,0104660528210082215FjSFZz4-.9/P
3,,,,,,КИЗ,"0104660528210082215spRj,,>fUF7q"
3,,,,,,КИЗ,0104660528210082215PJAEqeRcirZ=
3,,,,,,КИЗ,0104660528210082215jfBRGiPZY2b_
3,,,,,,КИЗ,0104660528210082215zb.:Lvgt%S"(
3,,,,,,КИЗ,01046605282100822155J.h3FS;2Yd&
3,,,,,,КИЗ,01046605282100822159dHgsi4>wY)k
3,,,,,,КИЗ,0104660528210082215HvxJp4MrlmQ3
3,,,,,,КИЗ,0104660528210082215%q5!l>k:S+wK
3,,,,,,КИЗ,0104660528210082215m!nKdccTZcYy
3,,,,,,КИЗ,"0104660528210082215Hdp,W9ttlrZq"
3,,,,,,КИЗ,0104660528210082215<WeniFA:Z5TC
3,,,,,,КИЗ,0104660528210082215YOo8lqr(qsFx
3,,,,,,КИЗ,0104660528210082215pN5S6p1eFH*Y
3,,,,,,КИЗ,0104660528210082215fXFI0Op;XOnE
3,,,,,,КИЗ,0104660528210082215pVC>WIpYtTB_
3,,,,,,КИЗ,0104660528210082215T<nI-6Wn?Vs0
3,,,,,,КИЗ,0104660528210082215sG!utZVGqJWs
3,,,,,,КИЗ,0104660528210082215EH!IAPC1OhSK
3,,,,,,КИЗ,0104660528210082215suNL)keDS;=i
3,,,,,,КИЗ,0104660528210082215Jmfa%JJrrj'W
3,,,,,,КИЗ,0104660528210082215HTaRlCQOm)/F
3,,,,,,КИЗ,0104660528210082215'bnWdWE+7X/R
3,,,,,,КИЗ,"0104660528210082215,9.PfjsvfROj"
3,,,,,,КИЗ,0104660528210082215o_Y2_hW*JCex
3,,,,,,КИЗ,0104660528210082215uCHdnezOdSP5
3,,,,,,КИЗ,0104660528210082215pyzO6H%RBUO>
3,,,,,,КИЗ,01046605282100822154BHS>+wbiakY
3,,,,,,КИЗ,0104660528210082215gqsGI?bhrMx7
3,,,,,,КИЗ,0104660528210082215Q-tYD3FcQ3.v
3,,,,,,КИЗ,0104660528210082215mTiFNIjzqTMk
3,,,,,,КИЗ,"0104660528210082215n(JCE',M/IOX"
3,,,,,,КИЗ,"0104660528210082215Y,rv)xP5khlS"
3,,,,,,КИЗ,0104660528210082215:JnJl_PeMTKB
3,,,,,,КИЗ,0104660528210082215:VeQuaT(%Ciz
3,,,,,,КИЗ,0104660528210082215l6aYbdmLUcH*
3,,,,,,КИЗ,0104660528210082215sqAypE8+btoa
3,,,,,,КИЗ,0104660528210082215JD_5WVjHQhlZ
3,,,,,,КИЗ,0104660528210082215OQYOpC?bYO4f
3,,,,,,КИЗ,0104660528210082215w!Q7J'n-"IJb
3,,,,,,КИЗ,0104660528210082215I:_xIHKETg5K
3,,,,,,КИЗ,0104660528210082215iwL?%gmZ6crj
3,,,,,,КИЗ,0104660528210082215qj!S6mliWBGR
3,,,,,,КИЗ,0104660528210082215><VXCIlRtIWE
3,,,,,,КИЗ,0104660528210082215'LZrhdLLFOG;
3,,,,,,КИЗ,0104660528210082215UeeLC">+i_>Q
3,,,,,,КИЗ,"0104660528210082215EB=L,ouj5Lpr"
3,,,,,,КИЗ,0104660528210082215enKbHW?PS/Gl
3,,,,,,КИЗ,0104660528210082215sqKOP2Xeahhd
3,,,,,,КИЗ,0104660528210082215mBUEjdJ:sYYO
3,,,,,,КИЗ,01046605282100822152HhocowMijx=
3,,,,,,КИЗ,0104660528210082215qCacTo/OcS2R
3,,,,,,КИЗ,0104660528210082215aCwagc?qGsB_
3,,,,,,КИЗ,0104660528210082215G"rKLrsC<MPc
3,,,,,,КИЗ,0104660528210082215m3UsBhc'KN"3
3,,,,,,КИЗ,0104660528210082215PdlRdBhes2L*
3,,,,,,КИЗ,0104660528210082215K2psBSO4p1Ks
3,,,,,,КИЗ,01046605282100822152lnVu0pwTdTV
3,,,,,,КИЗ,0104660528210082215g*KP%8Xb;(4T
3,,,,,,КИЗ,0104660528210082215uPnRUg1BNdgG
3,,,,,,КИЗ,"0104660528210082215Poh5,RTHtQbZ"
3,,,,,,КИЗ,01046605282100822157UuZEi+UsXK8
3,,,,,,КИЗ,0104660528210082215qs__MT;(BBoQ
3,,,,,,КИЗ,0104660528210082215MHjaB;1P_H>G
3,,,,,,КИЗ,0104660528210082215&:1Vh3;ZaPaQ
3,,,,,,КИЗ,0104660528210082215eAs).R-yHZPm
3,,,,,,КИЗ,0104660528210082215o=pb-bQB7_*F
3,,,,,,КИЗ,0104660528210082215r(XjXUoGkr2m
3,,,,,,КИЗ,0104660528210082215vH3EguUD)*gF
3,,,,,,КИЗ,0104660528210082215EPQQJ2<78Zq0
3,,,,,,КИЗ,0104660528210082215%fHLuH)T6zQR
3,,,,,,КИЗ,"0104660528210082215%C2,iK.nJb-X"
3,,,,,,КИЗ,0104660528210082215'>xuOBHrvhUR
3,,,,,,КИЗ,0104660528210082215s2Vi"qV7SmR3
3,,,,,,КИЗ,0104660528210082215wuh!ims%VjM3
3,,,,,,КИЗ,0104660528210082215LCUNIa7Wp%gN
3,,,,,,КИЗ,0104660528210082215CD7OoZUgl<Bl
3,,,,,,КИЗ,0104660528210082215qBjLRLpEJMMW
3,,,,,,КИЗ,0104660528210082215xXPxYEaKWjBF
3,,,,,,КИЗ,0104660528210082215NSukw/PPOYfm
3,,,,,,КИЗ,0104660528210082215pPJtbHH%mgXH
3,,,,,,КИЗ,0104660528210082215AsKxFIokgkTp
3,,,,,,КИЗ,"0104660528210082215IUH-X*FD+,0d"
3,,,,,,КИЗ,0104660528210082215JTcGWj*bjxup
3,,,,,,КИЗ,0104660528210082215g6dF9AElQOTQ
3,,,,,,КИЗ,0104660528210082215a+rvwT7AIFq=
3,,,,,,КИЗ,0104660528210082215DCa+gparcGKV
3,,,,,,КИЗ,0104660528210082215trxmACkMCL/T
3,,,,,,КИЗ,0104660528210082215EiSJgTQjB4Ei
3,,,,,,КИЗ,0104660528210082215I6pGqmjYitE.
3,,,,,,КИЗ,0104660528210082215s_:iFqd;hubR
3,,,,,,КИЗ,0104660528210082215GKJHChjlaHb6
3,,,,,,КИЗ,"0104660528210082215'J,AD1G-AHBP"
3,,,,,,КИЗ,0104660528210082215enn&fbQKT'Vp
3,,,,,,КИЗ,0104660528210082215P&noMhgU.8Vh
3,,,,,,КИЗ,0104660528210082215yzaCh2kBt9mh
3,,,,,,КИЗ,0104660528210082215ZrX+&I/Z!b7*
3,,,,,,КИЗ,0104660528210082215PWY-KbmiAH0_
3,,,,,,КИЗ,0104660528210082215HGqHFkXD"ZA;
3,,,,,,КИЗ,0104660528210082215jUTA;.L.INWP
3,,,,,,КИЗ,0104660528210082215mKCwiq%HkT2h
3,,,,,,КИЗ,0104660528210082215eEem>cLpQFw2
3,,,,,,КИЗ,0104660528210082215APDZ.RR7C4Hk
3,,,,,,КИЗ,0104660528210082215f?KpOa!*azbm
3,,,,,,КИЗ,0104660528210082215b=8Ytiqm4rO<
3,,,,,,КИЗ,0104660528210082215VQ5GckXDO3M5
3,,,,,,КИЗ,0104660528210082215"qLRB.:S:<JM
3,,,,,,КИЗ,0104660528210082215MfrsPS1jWb1J
3,,,,,,КИЗ,0104660528210082215:guGX9XaQmGG
3,,,,,,КИЗ,0104660528210082215QqLFLynkaZ;e
3,,,,,,КИЗ,0104660528210082215ZbnkuFaHcqZY
3,,,,,,КИЗ,0104660528210082215xBcp3)QBwQdq
3,,,,,,КИЗ,0104660528210082215b_vk9VLCMC8A
3,,,,,,КИЗ,0104660528210082215hSQBETUYR)<8
3,,,,,,КИЗ,"0104660528210082215nu7BC:7YpG),"
3,,,,,,КИЗ,0104660528210082215TZTdELaqtLC*
3,,,,,,КИЗ,0104660528210082215jPHrbX+K<Gt-
3,,,,,,КИЗ,0104660528210082215<dR;jkXddn0b
3,,,,,,КИЗ,0104660528210082215oTQ>tr%NGFjn
3,,,,,,КИЗ,0104660528210082215E7krjJ/PY:BW
3,,,,,,КИЗ,"0104660528210082215,(tM</VAzcqR"
3,,,,,,КИЗ,0104660528210082215;WVEMXQrb!wm
3,,,,,,КИЗ,0104660528210082215ddRBCyO:lkAL
3,,,,,,КИЗ,0104660528210082215io>Cp5n:lQWe
3,,,,,,КИЗ,0104660528210082215HkJBWBZKx_hj
3,,,,,,КИЗ,0104660528210082215<8kaUGXSeHHC
3,,,,,,КИЗ,0104660528210082215Et-Z5&3=UiW:
3,,,,,,КИЗ,0104660528210082215Fr0/dcVmcLHf
3,,,,,,КИЗ,010466052821008221546WrF*aEH-27
3,,,,,,КИЗ,0104660528210082215XG2zq'YW<6Z+
3,,,,,,КИЗ,0104660528210082215Q7BT63;A+RNS
3,,,,,,КИЗ,0104660528210082215NooWTxyRYCME
3,,,,,,КИЗ,0104660528210082215<GEgcgf9'k-l
3,,,,,,КИЗ,"0104660528210082215RMBiBB,H=*re"
3,,,,,,КИЗ,0104660528210082215fa1<juYg'ArS
3,,,,,,КИЗ,0104660528210082215IbBjlWOc=70G
3,,,,,,КИЗ,0104660528210082215DxGp)'MgjcPo
3,,,,,,КИЗ,0104660528210082215r8u8P4mDuM9<
3,,,,,,КИЗ,0104660528210082215J'3YQOVKvgCe
3,,,,,,КИЗ,0104660528210082215s"&ZoKg_oC%l
3,,,,,,КИЗ,0104660528210082215w3CyNUvQ1Qzi
3,,,,,,КИЗ,0104660528210082215G>g9MH*J:D.S
3,,,,,,КИЗ,0104660528210082215Y<xiUZ&b;Ekm
3,,,,,,КИЗ,0104660528210082215YoC(ls!u>Gm&
3,,,,,,КИЗ,0104660528210082215&kOOSmTOl)_m
3,,,,,,КИЗ,0104660528210082215otV6hVvXM7en
3,,,,,,КИЗ,0104660528210082215R.oHEsSV9zp)
3,,,,,,КИЗ,0104660528210082215T!F62*e(9c+S
3,,,,,,КИЗ,0104660528210082215dlsY?UMWTivY
3,,,,,,КИЗ,0104660528210082215R:jw"Rh;ljpZ
3,,,,,,КИЗ,0104660528210082215c;ES>OZ!WXFX
3,,,,,,КИЗ,"0104660528210082215oOl&HZ,!+YlK"
3,,,,,,КИЗ,0104660528210082215Vav;:up-kOn3
3,,,,,,КИЗ,0104660528210082215x)7H?gdtcmrd
3,,,,,,КИЗ,0104660528210082215/Ro)f_JWRIkT
3,,,,,,КИЗ,0104660528210082215kH!NmVjT?BLh
3,,,,,,КИЗ,01046605282100822154gUPgSCJVrEg
3,,,,,,КИЗ,01046605282100822159WS<mC6ciRJV
3,,,,,,КИЗ,0104660528210082215ncmiOcqGgBQj
3,,,,,,КИЗ,0104660528210082215guhozbmXi:lj
3,,,,,,КИЗ,01046605282100822151Z;jNxZ0ekGS
3,,,,,,КИЗ,0104660528210082215pnPqYMqnl4rh
3,,,,,,КИЗ,0104660528210082215%sILAcmR(act
3,,,,,,КИЗ,0104660528210082215QZh4XtnHIE5_
3,,,,,,КИЗ,0104660528210082215tmlz%A?tGp&w
3,,,,,,КИЗ,0104660528210082215/U3MeXRNLkD-
3,,,,,,КИЗ,0104660528210082215bLXZbNcv&;bE
3,,,,,,КИЗ,0104660528210082215mwMNlTuVBrq0
3,,,,,,КИЗ,0104660528210082215ltdOEzYbtOUN
3,,,,,,КИЗ,010466052821008221548LjHsM(=bFQ
3,,,,,,КИЗ,0104660528210082215;'1SDdiOba%?
3,,,,,,КИЗ,0104660528210082215&ejoUJRfS'3N
3,,,,,,КИЗ,0104660528210082215Bq11GBdXsDbs
3,,,,,,КИЗ,0104660528210082215/l)MqhF)B4aV
3,,,,,,КИЗ,0104660528210082215I-ZSse5PZlhP
3,,,,,,КИЗ,0104660528210082215xjOFDrf*_M%2
3,,,,,,КИЗ,0104660528210082215G<Rg-sn.btBV
3,,,,,,КИЗ,0104660528210082215lLIuV?-)-!iB
3,,,,,,КИЗ,0104660528210082215KqdeAdt<mTHX
3,,,,,,КИЗ,0104660528210082215n2Ay:COVYU<i
3,,,,,,КИЗ,0104660528210082215K"JxWlF(-E'"
3,,,,,,КИЗ,01046605282100822159H.Zmq4V-Mqu
3,,,,,,КИЗ,0104660528210082215MPFn7do88j)L
3,,,,,,КИЗ,0104660528210082215M=qsotD7ScTY
3,,,,,,КИЗ,0104660528210082215Wmxos)NHns'F
3,,,,,,КИЗ,0104660528210082215HiK;"BWW.fsX
3,,,,,,КИЗ,0104660528210082215&Stsk.vbtoY<
3,,,,,,КИЗ,0104660528210082215mm'_OEl.KLoU
3,,,,,,КИЗ,0104660528210082215l6mvcUVk:ChO
3,,,,,,КИЗ,0104660528210082215lLho:KqWZwst
3,,,,,,КИЗ,0104660528210082215cT!AYFGiHdPf
3,,,,,,КИЗ,0104660528210082215LgFUqdrA"n?B
3,,,,,,КИЗ,010466052821008221591okBhWK;XPC
3,,,,,,КИЗ,0104660528210082215Kd>Ucz0XAN%Y
3,,,,,,КИЗ,0104660528210082215mo4(""kL?zh"
3,,,,,,КИЗ,"0104660528210082215AsW_nPr,Z5AG"
3,,,,,,КИЗ,0104660528210082215AjtkKqE-r%aa
3,,,,,,КИЗ,0104660528210082215yzeu=e1ix.ej
3,,,,,,КИЗ,0104660528210082215wjC"1p?1rc"%
3,,,,,,КИЗ,0104660528210082215?HeRYYdaqBdo
3,,,,,,КИЗ,01046605282100822150Y5YLhMLlq4E
3,,,,,,КИЗ,0104660528210082215FBnilKJJVWtO
3,,,,,,КИЗ,0104660528210082215*weYy8Fhojhb
3,,,,,,КИЗ,0104660528210082215nWLydSFQfbG!
3,,,,,,КИЗ,0104660528210082215ToNm8tfc+a0M
3,,,,,,КИЗ,0104660528210082215fNUGVIc-RdsO
3,,,,,,КИЗ,0104660528210082215tX3qFP+6YRAV
3,,,,,,КИЗ,0104660528210082215EqNZ+JXNjWAa
3,,,,,,КИЗ,0104660528210082215CVNnUuBFHvJB
3,,,,,,КИЗ,"0104660528210082215Q,0.cZ1VM*nk"
3,,,,,,КИЗ,0104660528210082215rYXLKHEChBoP
3,,,,,,КИЗ,0104660528210082215RTf6DNhWKX!?
3,,,,,,КИЗ,0104660528210082215%nhDqSVeE+fC
3,,,,,,КИЗ,0104660528210082215OumupXcDf?5O
3,,,,,,КИЗ,0104660528210082215=sAd<r>nM&uA
3,,,,,,КИЗ,0104660528210082215PBE>_nO60j'm
3,,,,,,КИЗ,0104660528210082215't>QLLsoOcXT
3,,,,,,КИЗ,0104660528210082215Z"+jNuE(Gpsi
3,,,,,,КИЗ,0104660528210082215fA4.yUbm!TYw
3,,,,,,КИЗ,0104660528210082215ZOx0:A4mJ4K)
3,,,,,,КИЗ,0104660528210082215)6mFZLMFCFXi
3,,,,,,КИЗ,"0104660528210082215AV""EqLN,DJmy"
3,,,,,,КИЗ,0104660528210082215(THaF-V-oef-
3,,,,,,КИЗ,0104660528210082215mCehcH/lE"Fv
3,,,,,,КИЗ,0104660528210082215G_>DI/Mgj?CD
3,,,,,,КИЗ,01046605282100822155ni-Y*mlMfti
3,,,,,,КИЗ,0104660528210082215NZCJ/moDTk)>
3,,,,,,КИЗ,0104660528210082215g2wo"jIF5>9C
3,,,,,,КИЗ,01046605282100822154KJV=nuDkXqJ
3,,,,,,КИЗ,0104660528210082215x70tUKU4XiM)
3,,,,,,КИЗ,0104660528210082215k+N:Xq_(Lw1X
3,,,,,,КИЗ,0104660528210082215tTpoidaLWGMc
3,,,,,,КИЗ,0104660528210082215NOgb"nJTf>bF
3,,,,,,КИЗ,0104660528210082215M/kxP_oc:cIF
3,,,,,,КИЗ,0104660528210082215cf*FWhjN*IhX
3,,,,,,КИЗ,0104660528210082215%9ldi<FV?inC
3,,,,,,КИЗ,0104660528210082215rTVl"Fqx2cQJ
3,,,,,,КИЗ,0104660528210082215Je?&k8oRonhq
3,,,,,,КИЗ,0104660528210082215v(hR'NZrC+f)
3,,,,,,КИЗ,0104660528210082215uh6nQsVad0sQ
3,,,,,,КИЗ,01046605282100822150f"eEjDQa)UI
3,,,,,,КИЗ,0104660528210082215ocN;jv3NBa(1
3,,,,,,КИЗ,0104660528210082215EC7jPWW'DLQ7
3,,,,,,КИЗ,0104660528210082215qnaNR(fIiJRR
3,,,,,,КИЗ,0104660528210082215LClqnGF>ntql
3,,,,,,КИЗ,0104660528210082215xpj!MMweq9Z9
3,,,,,,КИЗ,0104660528210082215)irC/fTeBpie
3,,,,,,КИЗ,0104660528210082215s6+dTTmXPJbF
3,,,,,,КИЗ,0104660528210082215QfiIi-pa0jU=
3,,,,,,КИЗ,0104660528210082215Iq2Yz:8MoL>E
3,,,,,,КИЗ,0104660528210082215LGsCeoYdUXlp
3,,,,,,КИЗ,0104660528210082215;Yh!ILJ-iMgF
3,,,,,,КИЗ,0104660528210082215S&7RjmQ<>ZPS
3,,,,,,КИЗ,0104660528210082215mZH&Htij94Dq
3,,,,,,КИЗ,0104660528210082215rhOHqXqceVZB
3,,,,,,КИЗ,0104660528210082215DxwzqitZB)YV
3,,,,,,КИЗ,0104660528210082215pCFtfHrkknRm
3,,,,,,КИЗ,0104660528210082215SjSu+v2bvOMi
3,,,,,,КИЗ,0104660528210082215gjY;"AnLVzFP
3,,,,,,КИЗ,0104660528210082215hg9Pj5seoVtW
3,,,,,,КИЗ,0104660528210082215JAgg!USs<QBl
3,,,,,,КИЗ,0104660528210082215l5uYR9A*PFld
3,,,,,,КИЗ,0104660528210082215n</LkyYT.S-h
3,,,,,,КИЗ,0104660528210082215BLQlnd0.9(jA
3,,,,,,КИЗ,0104660528210082215XQFX1"cm_DF(
3,,,,,,КИЗ,0104660528210082215:R6H_wxAJW)f
3,,,,,,КИЗ,0104660528210082215HiBRcs+zjM.o
3,,,,,,КИЗ,0104660528210082215YHAG=BM-l&5B
3,,,,,,КИЗ,0104660528210082215AICGRS=F;SIS
3,,,,,,КИЗ,0104660528210082215xvPTzc*2WYHk
3,,,,,,КИЗ,0104660528210082215FL<TcsmAg3Xd
3,,,,,,КИЗ,0104660528210082215KEGonWrMFGzN
3,,,,,,КИЗ,01046605282100822156YKbRIHrtytJ
3,,,,,,КИЗ,0104660528210082215ItOAVAA?8m/X
3,,,,,,КИЗ,0104660528210082215byeeC4kz70*r
3,,,,,,КИЗ,0104660528210082215'hBJnh*I*/NA
3,,,,,,КИЗ,0104660528210082215TLDIa*PTL2/c
3,,,,,,КИЗ,0104660528210082215M!iybHIKUu-X
3,,,,,,КИЗ,0104660528210082215x9mWTDu8sqZd
3,,,,,,КИЗ,0104660528210082215Q_BWYMcBInhb
3,,,,,,КИЗ,0104660528210082215nJ7YZ7E%H4Cz
3,,,,,,КИЗ,0104660528210082215WfCTohm34PqD
3,,,,,,КИЗ,"0104660528210082215Glt<u,j2xax)"
3,,,,,,КИЗ,"0104660528210082215,LF)O6XrVMXL"
3,,,,,,КИЗ,"010466052821008221560,!dYfCeoAK"
3,,,,,,КИЗ,0104660528210082215;Ut1njytFcMs
3,,,,,,КИЗ,0104660528210082215(.P4wYz*WrEx
3,,,,,,КИЗ,0104660528210082215N9ELV-cCj&V0
3,,,,,,КИЗ,0104660528210082215ksPf+cC(Oo_V
3,,,,,,КИЗ,0104660528210082215tMxlSRMe;Kyk
3,,,,,,КИЗ,0104660528210082215=AjfbRYf&eL3
3,,,,,,КИЗ,0104660528210082215e<ogkg-lcWaM
3,,,,,,КИЗ,0104660528210082215yt4mj'Jgr0a3
3,,,,,,КИЗ,0104660528210082215Veh-&B.PfsnK
3,,,,,,КИЗ,0104660528210082215YYO%5Jec!jwl
3,,,,,,КИЗ,01046605282100822151ZMIQ_Kmqvb.
3,,,,,,КИЗ,0104660528210082215TppPFfaiOIlx
3,,,,,,КИЗ,0104660528210082215HZ>ZohyltccO
3,,,,,,КИЗ,0104660528210082215UBI+a)(j<Tcm
3,,,,,,КИЗ,0104660528210082215tGjwYL=EgnGJ
3,,,,,,КИЗ,0104660528210082215rHIm_p9WyjM=
3,,,,,,КИЗ,0104660528210082215QbSoQtYONuFR
3,,,,,,КИЗ,0104660528210082215SDzP/TrvUv?P
3,,,,,,КИЗ,0104660528210082215ERaI/WqoF+FE
3,,,,,,КИЗ,0104660528210082215CZ&LBlLHMlZm
3,,,,,,КИЗ,0104660528210082215GEOj!oigvRMf
3,,,,,,КИЗ,0104660528210082215TZoFK9yDOwfP
3,,,,,,КИЗ,0104660528210082215WgGVjFSdUWR4
3,,,,,,КИЗ,0104660528210082215HKVG<pV<MHBR
3,,,,,,КИЗ,0104660528210082215SecIaX*)YnP/
3,,,,,,КИЗ,0104660528210082215CibVcmCmlfF7
3,,,,,,КИЗ,0104660528210082215NYektb3dOQjl
3,,,,,,КИЗ,0104660528210082215Sy'iCeN8YDnN
3,,,,,,КИЗ,0104660528210082215)a(ouI)AGCP!
3,,,,,,КИЗ,0104660528210082215UFS??JISUQB)
3,,,,,,КИЗ,0104660528210082215;aaStHhEQpRV
3,,,,,,КИЗ,0104660528210082215ZQ'PjE33nuSZ
3,,,,,,КИЗ,0104660528210082215HFPq:ZUqT.Z;
3,,,,,,КИЗ,0104660528210082215lH1*Ef4hQuCl
3,,,,,,КИЗ,01046605282100822150zZuRHhbq.Mf
3,,,,,,КИЗ,"0104660528210082215qYSSZn,lZ3ka"
3,,,,,,КИЗ,0104660528210082215CUeFoa?gMdao
3,,,,,,КИЗ,0104660528210082215sMT2pm07QaNx
3,,,,,,КИЗ,0104660528210082215.RPwQtFGmVG+
3,,,,,,КИЗ,0104660528210082215j;r9DTcGTpV"
3,,,,,,КИЗ,0104660528210082215VxdeEybXEht8
3,,,,,,КИЗ,0104660528210082215gydUF:emZcTl
3,,,,,,КИЗ,0104660528210082215XOUSAB<nDR:X
3,,,,,,КИЗ,0104660528210082215Jar>sULRPbs'
3,,,,,,КИЗ,0104660528210082215q41U<bW3btWo
3,,,,,,КИЗ,0104660528210082215PhZHRt3MhcgL
3,,,,,,КИЗ,0104660528210082215AC=&Km5VOBs=
3,,,,,,КИЗ,"0104660528210082215?GJ90<YkpCG,"
3,,,,,,КИЗ,0104660528210082215SLOszckjUjiO
3,,,,,,КИЗ,"0104660528210082215,DM_meDr?HDC"
3,,,,,,КИЗ,0104660528210082215'nQTdnDcH&js
3,,,,,,КИЗ,0104660528210082215RuW;MSUZ'M)I
3,,,,,,КИЗ,0104660528210082215J(Za=VAH>-Vu
3,,,,,,КИЗ,0104660528210082215F"oYmDr>iMUv
3,,,,,,КИЗ,0104660528210082215KDRiGyIDPFA&
3,,,,,,КИЗ,0104660528210082215v;sGKTeW4C1c
3,,,,,,КИЗ,0104660528210082215=fFo+(CsRakE
3,,,,,,КИЗ,0104660528210082215jiVMkugy3;hu
3,,,,,,КИЗ,0104660528210082215Cy?utUYVnG4O
3,,,,,,КИЗ,0104660528210082215VhWpebEii3xj
3,,,,,,КИЗ,0104660528210082215ia0GemkXVW4N
3,,,,,,КИЗ,0104660528210082215GSaN:H826pAC
3,,,,,,КИЗ,0104660528210082215rPonp1BCg'HU
3,,,,,,КИЗ,0104660528210082215h%RFTrjN_Gri
3,,,,,,КИЗ,0104660528210082215GuKCuvX<5g1s
3,,,,,,КИЗ,0104660528210082215zSPZQGYTc!Fs
3,,,,,,КИЗ,01046605282100822156)lViVk)8<HP
3,,,,,,КИЗ,0104660528210082215qC7kj.rdRliK
3,,,,,,КИЗ,0104660528210082215R<TgWd?MA'HK
3,,,,,,КИЗ,"0104660528210082215,Pc=7Z>qmTJS"
3,,,,,,КИЗ,0104660528210082215vtZ.XXsvS7(r
3,,,,,,КИЗ,0104660528210082215?c!rem2r&p;L
3,,,,,,КИЗ,0104660528210082215ikBE7kbmj7v'
3,,,,,,КИЗ,"0104660528210082215?c=,?HOlb_kC"
3,,,,,,КИЗ,0104660528210082215bw1f%Wt-Og=6
3,,,,,,КИЗ,0104660528210082215Z&lXCfFsD4IT
3,,,,,,КИЗ,0104660528210082215tYSSf'ZOGWV7
3,,,,,,КИЗ,0104660528210082215I_MfCUD6e<CZ
3,,,,,,КИЗ,0104660528210082215nEaGaBK:;e4u
3,,,,,,КИЗ,0104660528210082215?!PjtUKh2QLN
3,,,,,,КИЗ,0104660528210082215HV1vuVpR5enj
3,,,,,,КИЗ,0104660528210082215wNZHJlBbtFKc
3,,,,,,КИЗ,0104660528210082215wk2qa)X=;"S!
3,,,,,,КИЗ,0104660528210082215iz-9/cOSepV/
3,,,,,,КИЗ,0104660528210082215gHHV;oGAWini
3,,,,,,КИЗ,0104660528210082215n%.BuaOQeSKf
3,,,,,,КИЗ,0104660528210082215nsGZKPri/b;O
3,,,,,,КИЗ,0104660528210082215fO;lYvFch8*6
3,,,,,,КИЗ,01046605282100822156APXmkE3'uKK
3,,,,,,КИЗ,0104660528210082215XaMF3pMhn'fm
3,,,,,,КИЗ,0104660528210082215snF*h"luukYK
3,,,,,,КИЗ,0104660528210082215eI78Q?CR!N:C
3,,,,,,КИЗ,0104660528210082215g"nOw!BeTZ3b
3,,,,,,КИЗ,0104660528210082215Mfj?LIGLYDPg
3,,,,,,КИЗ,0104660528210082215AxgEZR7kH';Y
3,,,,,,КИЗ,0104660528210082215<5VHcVVQIval
3,,,,,,КИЗ,0104660528210082215pGLs8j2MkVh.
3,,,,,,КИЗ,0104660528210082215mDfG9PiGCsnR
3,,,,,,КИЗ,"0104660528210082215PT*,hMn"";kdj"
3,,,,,,КИЗ,0104660528210082215nED>s.69a!<)
3,,,,,,КИЗ,0104660528210082215aMTxR%ec3a;D
3,,,,,,КИЗ,0104660528210082215dEvNVPG9grE:
3,,,,,,КИЗ,0104660528210082215b04nAz8;QMDi
3,,,,,,КИЗ,"0104660528210082215haGvGjz.N,,x"
3,,,,,,КИЗ,0104660528210082215d(d?BobXKRj4
3,,,,,,КИЗ,0104660528210082215>j;qj1bz'"!c
3,,,,,,КИЗ,01046605282100822159kHCS(!q'T&M
3,,,,,,КИЗ,0104660528210082215PECB2&C:Klb*
3,,,,,,КИЗ,0104660528210082215ekqor."&BtSz
3,,,,,,КИЗ,"0104660528210082215m6HD9,C&UVUB"
3,,,,,,КИЗ,0104660528210082215TPBH9k5CAg0J
3,,,,,,КИЗ,"0104660528210082215zTm,QBjMYtiR"
3,,,,,,КИЗ,0104660528210082215sz:xHFjQVa.z
3,,,,,,КИЗ,0104660528210082215ORO_YhhbiHXN
3,,,,,,КИЗ,0104660528210082215RRrrrxd1YKZc
3,,,,,,КИЗ,0104660528210082215npIXBz7U8ZJP
3,,,,,,КИЗ,0104660528210082215ekdYZR=f?_9V
3,,,,,,КИЗ,0104660528210082215G2OwVsZ+iSfb
3,,,,,,КИЗ,0104660528210082215Gb_z2*MQvsJJ
3,,,,,,КИЗ,0104660528210082215CPVQ-P4;klWa
3,,,,,,КИЗ,0104660528210082215OOSoQJVsYBhY
3,,,,,,КИЗ,0104660528210082215l8S;L*C-ViPd
3,,,,,,КИЗ,0104660528210082215/:N4eRXMacWI
3,,,,,,КИЗ,"0104660528210082215LSE,Ad!*:JqE"
3,,,,,,КИЗ,0104660528210082215K2;l+kmvmcht
3,,,,,,КИЗ,0104660528210082215G;:?x9fN1_aK
3,,,,,,КИЗ,0104660528210082215>Nw?V"J87u9K
3,,,,,,КИЗ,01046605282100822159R%cwe09SD/u
3,,,,,,КИЗ,0104660528210082215N5GYBwxTGIiD
3,,,,,,КИЗ,0104660528210082215IE9(/Dpe6YRW
3,,,,,,КИЗ,0104660528210082215IRDMTV9jkblQ
3,,,,,,КИЗ,0104660528210082215alCj?YjIXh=g
3,,,,,,КИЗ,0104660528210082215o)!m_-MQ'H?F
3,,,,,,КИЗ,0104660528210082215s7_ctnrfKY_:
3,,,,,,КИЗ,0104660528210082215G-p1Y70jtv>P
3,,,,,,КИЗ,0104660528210082215YnKAN<E(QJOB
3,,,,,,КИЗ,0104660528210082215Lc-<Jo;pXtJa
3,,,,,,КИЗ,0104660528210082215Z"(z8)"rqVXU
3,,,,,,КИЗ,0104660528210082215SFaBStPKPFDo
3,,,,,,КИЗ,0104660528210082215YlqFH%;IRt5S
3,,,,,,КИЗ,0104660528210082215eWsqL4Wpb4"p
3,,,,,,КИЗ,0104660528210082215kS+arpUgQD3=
3,,,,,,КИЗ,"0104660528210082215wO9,T?RRqrKp"
3,,,,,,КИЗ,0104660528210082215OdNU:TTFIP2K
3,,,,,,КИЗ,01046605282100822159MjUQSpyc>/H
3,,,,,,КИЗ,0104660528210082215DzEDnlQ5S5wd
3,,,,,,КИЗ,"01046605282100822150(LH9,RdNekO"
3,,,,,,КИЗ,0104660528210082215ph4dxNaf(kUF
3,,,,,,КИЗ,0104660528210082215<EQjW.K"XngJ
3,,,,,,КИЗ,0104660528210082215yfI)HdAap(XY
3,,,,,,КИЗ,0104660528210082215-O*X4:ur<IoG
3,,,,,,КИЗ,0104660528210082215Rv:qeoeK;&Dm
3,,,,,,КИЗ,0104660528210082215wiKAPac7n_d_
3,,,,,,КИЗ,0104660528210082215COJ9phqL&>NG
3,,,,,,КИЗ,0104660528210082215lsg9SqZkBN-b
3,,,,,,КИЗ,0104660528210082215GIcJIjhl?yS(
3,,,,,,КИЗ,0104660528210082215X?ji4ucNeTfS
3,,,,,,КИЗ,01046605282100822152n*ED9:Lzk)U
3,,,,,,КИЗ,0104660528210082215bLYjSBibXDTc
3,,,,,,КИЗ,0104660528210082215Z%Kq'uPk6R+f
3,,,,,,КИЗ,01046605282100822157fiaFbzhA.('
3,,,,,,КИЗ,"0104660528210082215aFsUmXMuZ=,i"
3,,,,,,КИЗ,0104660528210082215He;8S+WhUCe(
3,,,,,,КИЗ,0104660528210082215>;.3l;fP.&DY
3,,,,,,КИЗ,0104660528210082215V*NuZyMLfNHP
3,,,,,,КИЗ,0104660528210082215UH-?fn05c.dj
3,,,,,,КИЗ,0104660528210082215)alPnquo*mmh
3,,,,,,КИЗ,0104660528210082215uV6iBoBVFuWa
3,,,,,,КИЗ,0104660528210082215Aq2SRc+FDjjy
3,,,,,,КИЗ,01046605282100822156s9/BhoSitFI
3,,,,,,КИЗ,0104660528210082215B.l(Zqft/XRR
3,,,,,,КИЗ,0104660528210082215tdR.mbddAYtN
3,,,,,,КИЗ,0104660528210082215PZ4iqFShx3t&
3,,,,,,КИЗ,0104660528210082215T9&l/frrlsdO
3,,,,,,КИЗ,0104660528210082215tUqwQhsErVBX
3,,,,,,КИЗ,0104660528210082215A1>&m2aikX/?
3,,,,,,КИЗ,0104660528210082215huIhcnGoLkcP
3,,,,,,КИЗ,0104660528210082215<S-l:nLnORbo
3,,,,,,КИЗ,0104660528210082215jBBht?>8NOPB
3,,,,,,КИЗ,0104660528210082215T)lPE6Tg74Vd
3,,,,,,КИЗ,0104660528210082215Smh)fWGe)wvI
3,,,,,,КИЗ,0104660528210082215h)gWTgiaEWkT
3,,,,,,КИЗ,"0104660528210082215hkhnA;mS0s,p"
3,,,,,,КИЗ,0104660528210082215KfJ?PEna=4OC
3,,,,,,КИЗ,0104660528210082215yEQ&Ocq*CXjm
3,,,,,,КИЗ,0104660528210082215wtTohlWZ7(cR
3,,,,,,КИЗ,0104660528210082215GYn4uoKtk'r(
3,,,,,,КИЗ,0104660528210082215BsH&HRpDI'&g
3,,,,,,КИЗ,0104660528210082215*HqQLmFTLOw7
3,,,,,,КИЗ,0104660528210082215wGY&)lj7%TkP
3,,,,,,КИЗ,0104660528210082215**l)wnYqhTEl
3,,,,,,КИЗ,0104660528210082215:C:j*1Svfdth
3,,,,,,КИЗ,0104660528210082215T>TIA.3>%Mq3
3,,,,,,КИЗ,0104660528210082215n5hcjF9)g+C(
3,,,,,,КИЗ,0104660528210082215uk%D1j!3vDQ6
3,,,,,,КИЗ,0104660528210082215'N4r02EJxsjM
3,,,,,,КИЗ,0104660528210082215GgPlK*z9BnDs
3,,,,,,КИЗ,0104660528210082215Ys+dkZcOyqWb
3,,,,,,КИЗ,01046605282100822155OYOqz)NJWC/
3,,,,,,КИЗ,0104660528210082215rqAr"IQCIcvg
3,,,,,,КИЗ,"01046605282100822155p2h,MeAc1Ve"
3,,,,,,КИЗ,0104660528210082215Z=LwcqKynZoE
3,,,,,,КИЗ,0104660528210082215Y5wWalV*K5Fe
3,,,,,,КИЗ,0104660528210082215gO&qiMUzcTAr
3,,,,,,КИЗ,"0104660528210082215JWMFn%BDEQE,"
3,,,,,,КИЗ,0104660528210082215rMgM;0j<qlXX
3,,,,,,КИЗ,0104660528210082215VScH1bOL1ZrL
3,,,,,,КИЗ,0104660528210082215gmuzKrgpqmTm
3,,,,,,КИЗ,01046605282100822151m(ezEAXPqtp
3,,,,,,КИЗ,0104660528210082215ZpQjK))riVA+
3,,,,,,КИЗ,0104660528210082215D7Z7!IymIjB*
3,,,,,,КИЗ,0104660528210082215LZ9A%_gXJ-kJ
